"id","handle","postDate","postType","postUrl","imageUrl","source","sourceId","message","hashtag","cta","paid","comments","shares","likes","views","dislikes","interview","survey","notes","createdAt","updatedAt","CampaignId","intents"
156811,"gregorybayne","""2017-03-31T16:07:51.000Z""","photo","https://twitter.com/gregorybayne/status/847842888566185985","http://pbs.twimg.com/media/C8Qkl_TUQAAahrC.jpg","twitter","847842888566186000","Just a big, warm THANK YOU! from team #6DynamicLaws! https://t.co/N8so2PMQuo","6DynamicLaws",,,,0,2,,,,,,"""2017-07-05T20:30:14.000Z""","""2017-07-05T20:30:14.000Z""",1326,""
156812,"gregorybayne","""2017-03-31T15:57:30.000Z""","post","https://twitter.com/gregorybayne/status/847840286138970112","","twitter","847840286138970100","@ladufurrena Thank you!","",,,,0,0,,,,,,"""2017-07-05T20:30:14.000Z""","""2017-07-05T20:30:14.000Z""",1326,""
156813,"gregorybayne","""2017-03-31T05:55:01.000Z""","post","https://twitter.com/gregorybayne/status/847688663605444608","","twitter","847688663605444600","@wildiris05 So grateful. Very kind of you.","",,,,0,1,,,,,,"""2017-07-05T20:30:14.000Z""","""2017-07-05T20:30:14.000Z""",1326,""
156814,"gregorybayne","""2017-03-31T05:54:34.000Z""","post","https://twitter.com/gregorybayne/status/847688552083095553","","twitter","847688552083095600","@wildiris05 @kickstarter Thank you, Juli!","",,,,0,2,,,,,,"""2017-07-05T20:30:14.000Z""","""2017-07-05T20:30:14.000Z""",1326,""
156815,"gregorybayne","""2017-03-31T05:39:33.000Z""","post","https://twitter.com/gregorybayne/status/847684769970143232","","twitter","847684769970143200","Thank you, my friends for your outpouring of support for #6DynamicLaws. I look very forward to sharing it with you.","6DynamicLaws",,,,0,0,,,,,,"""2017-07-05T20:30:14.000Z""","""2017-07-05T20:30:14.000Z""",1326,""
156816,"gregorybayne","""2017-03-31T05:29:43.000Z""","post","https://twitter.com/gregorybayne/status/847682296429793280","","twitter","847682296429793300","Thank you! https://t.co/vaXXrgv48p","",,,,0,1,,,,,,"""2017-07-05T20:30:14.000Z""","""2017-07-05T20:30:14.000Z""",1326,""
156817,"gregorybayne","""2017-03-31T04:42:44.000Z""","photo","https://twitter.com/gregorybayne/status/847670473533964289","http://pbs.twimg.com/media/C8OHwpFUIAA40TV.jpg","twitter","847670473533964300","Oh my oh my oh my! #6DynamicLaws! https://t.co/cSdWIcaNDv","6DynamicLaws",,,,0,2,,,,,,"""2017-07-05T20:30:14.000Z""","""2017-07-05T20:30:14.000Z""",1326,""
156818,"gregorybayne","""2017-03-31T04:36:52.000Z""","post","https://twitter.com/gregorybayne/status/847668997688500224","","twitter","847668997688500200","Yay! https://t.co/pekTOOfkUM","",,,,0,1,,,,,,"""2017-07-05T20:30:14.000Z""","""2017-07-05T20:30:14.000Z""",1326,""
156819,"gregorybayne","""2017-03-31T04:44:09.000Z""","post","https://twitter.com/gregorybayne/status/847670828535644161","","twitter","847670828535644200","@AndieRedwine @shackett Thank you Sean, and thank you Andie for being one of our white knights!","",,,,0,1,,,,,,"""2017-07-05T20:30:14.000Z""","""2017-07-05T20:30:14.000Z""",1326,""
156820,"gregorybayne","""2017-03-31T04:21:33.000Z""","post","https://twitter.com/gregorybayne/status/847665144037494784","","twitter","847665144037494800","$390 from $40,000, at $40K we instantly get a boost to $41K. Join us here to complete #6dynamiclaws https://t.co/8XR3b713Wv","6dynamiclaws",,,,1,1,,,,,,"""2017-07-05T20:30:14.000Z""","""2017-07-05T20:30:14.000Z""",1326,""
156821,"gregorybayne","""2017-03-31T04:15:06.000Z""","post","https://twitter.com/gregorybayne/status/847663517771603968","","twitter","847663517771604000","We need a hero! So close to hitting our goal for #6DynamicLaws | https://t.co/8XR3b713Wv | https://t.co/r8aFnVXMlx","6DynamicLaws",,,,1,3,,,,,,"""2017-07-05T20:30:14.000Z""","""2017-07-05T20:30:14.000Z""",1326,""
156822,"gregorybayne","""2017-03-31T04:07:45.000Z""","post","https://twitter.com/gregorybayne/status/847661670625198088","","twitter","847661670625198100","Thank you, Marty! https://t.co/ycKQSAlNDf","",,,,0,1,,,,,,"""2017-07-05T20:30:14.000Z""","""2017-07-05T20:30:14.000Z""",1326,""
156823,"gregorybayne","""2017-03-31T04:05:33.000Z""","post","https://twitter.com/gregorybayne/status/847661114225643520","","twitter","847661114225643500","22 Backers from 300 strong. 114 minutes to go. You've all been so kind. We're almost home. https://t.co/8XR3b713Wv","",,,,1,0,,,,,,"""2017-07-05T20:30:14.000Z""","""2017-07-05T20:30:14.000Z""",1326,""
156824,"gregorybayne","""2017-03-31T04:03:46.000Z""","post","https://twitter.com/gregorybayne/status/847660669302317056","","twitter","847660669302317000","RT @LSue23: Intrigued by a farcical tale of murder &amp; betrayal? #SupportIndieFilm #FilmNoir @FilmNoir_Fan @TheNoirZone @SunshineBoyProd @The…","SupportIndieFilm,FilmNoir",,,,3,0,,,,,,"""2017-07-05T20:30:14.000Z""","""2017-07-05T20:30:14.000Z""",1326,""
156825,"gregorybayne","""2017-03-31T03:52:17.000Z""","post","https://twitter.com/gregorybayne/status/847657779057774593","","twitter","847657779057774600","276 backers strong! $4855 left to meet our all-or-nothing goal! If you can, kindly pledge &amp; RT. https://t.co/8XR3b713Wv","",,,,1,1,,,,,,"""2017-07-05T20:30:14.000Z""","""2017-07-05T20:30:14.000Z""",1326,""
156826,"gregorybayne","""2017-03-31T03:43:02.000Z""","post","https://twitter.com/gregorybayne/status/847655450199834628","","twitter","847655450199834600","Thank you for being such a wonderful contributor. So appreciate all you've done over the years. https://t.co/inqULCKDcr","",,,,0,1,,,,,,"""2017-07-05T20:30:14.000Z""","""2017-07-05T20:30:14.000Z""",1326,""
156827,"gregorybayne","""2017-03-31T03:37:56.000Z""","post","https://twitter.com/gregorybayne/status/847654164469432320","","twitter","847654164469432300","@shackett @ifpfilm @lmcnelly You are a true gentleman.","",,,,0,1,,,,,,"""2017-07-05T20:30:14.000Z""","""2017-07-05T20:30:14.000Z""",1326,""
156828,"gregorybayne","""2017-03-31T03:37:44.000Z""","post","https://twitter.com/gregorybayne/status/847654114968219652","","twitter","847654114968219600","@dusty_parachute Thank you, thank you! Love me a kitten emoji.","",,,,0,1,,,,,,"""2017-07-05T20:30:14.000Z""","""2017-07-05T20:30:14.000Z""",1326,""
156829,"gregorybayne","""2017-03-31T03:37:25.000Z""","post","https://twitter.com/gregorybayne/status/847654036610338821","","twitter","847654036610338800","RT @shackett: Old fashioned Kickstarter rally for  @ifpfilm  labs alum - @gregorybayne people. @lmcnelly you on this?  https://t.co/OnxreAw…","",,,,1,0,,,,,,"""2017-07-05T20:30:14.000Z""","""2017-07-05T20:30:14.000Z""",1326,""
156830,"gregorybayne","""2017-03-31T03:37:17.000Z""","post","https://twitter.com/gregorybayne/status/847654003299074048","","twitter","847654003299074000","RT @dusty_parachute: Every contribution counts! They're SOOOO close! #indiefilm #supportartists #indie #movie #TheyllThrowInAFreeKitten ???? #…","indiefilm,supportartists,indie,movie,TheyllThrowInAFreeKitten",,,,1,0,,,,,,"""2017-07-05T20:30:14.000Z""","""2017-07-05T20:30:14.000Z""",1326,""
156831,"gregorybayne","""2017-03-31T03:33:07.000Z""","post","https://twitter.com/gregorybayne/status/847652955096440838","","twitter","847652955096440800","Thanks for being part of #6DynamicLaws! https://t.co/uNtBHnrWEI","6DynamicLaws",,,,0,1,,,,,,"""2017-07-05T20:30:14.000Z""","""2017-07-05T20:30:14.000Z""",1326,""
156832,"gregorybayne","""2017-03-31T03:26:44.000Z""","post","https://twitter.com/gregorybayne/status/847651349143605248","","twitter","847651349143605200","UPDATE! $5,095 from GOOAAALLLL. 2.5 hrs left. We need you friends. Will you come along for this incredibly fun ride? https://t.co/8XR3b713Wv","",,,,1,1,,,,,,"""2017-07-05T20:30:14.000Z""","""2017-07-05T20:30:14.000Z""",1326,""
156833,"gregorybayne","""2017-03-31T03:13:46.000Z""","post","https://twitter.com/gregorybayne/status/847648084045713408","","twitter","847648084045713400","@prevailingcity Love ya, brother. Thanks for everything.","",,,,0,0,,,,,,"""2017-07-05T20:30:14.000Z""","""2017-07-05T20:30:14.000Z""",1326,""
156834,"gregorybayne","""2017-03-31T03:11:16.000Z""","post","https://twitter.com/gregorybayne/status/847647453855629312","","twitter","847647453855629300","28 Backers from 300 strong for #6DyanmicLaws $6,320 from goal, 2hrs 51min to go! #SupportIndieFilm I'll &lt;3 U 4ever https://t.co/8XR3b713Wv","6DyanmicLaws,SupportIndieFilm",,,,2,1,,,,,,"""2017-07-05T20:30:14.000Z""","""2017-07-05T20:30:14.000Z""",1326,""
156835,"gregorybayne","""2017-03-31T02:38:02.000Z""","post","https://twitter.com/gregorybayne/status/847639090547773442","","twitter","847639090547773400","The world is a mess, but there's still room for fun. Promise. https://t.co/8XR3b713Wv","",,,,0,0,,,,,,"""2017-07-05T20:30:14.000Z""","""2017-07-05T20:30:14.000Z""",1326,""
156836,"gregorybayne","""2017-03-31T02:21:05.000Z""","post","https://twitter.com/gregorybayne/status/847634825779347462","","twitter","847634825779347500",".@bellawonder Thank you for joining team #6DynamicLaws! Glad to have you.","6DynamicLaws",,,,0,0,,,,,,"""2017-07-05T20:30:14.000Z""","""2017-07-05T20:30:14.000Z""",1326,""
156837,"gregorybayne","""2017-03-31T02:17:11.000Z""","post","https://twitter.com/gregorybayne/status/847633842844323840","","twitter","847633842844323800","We've been challenged (again!) As soon as we hit 40K we get another $1000 thrown in. We're so close #6DynamicLaws!… https://t.co/RmnHRQf4Wy","6DynamicLaws",,,,3,0,,,,,,"""2017-07-05T20:30:14.000Z""","""2017-07-05T20:30:14.000Z""",1326,""
156838,"gregorybayne","""2017-03-31T01:46:32.000Z""","post","https://twitter.com/gregorybayne/status/847626132757241856","","twitter","847626132757241900","Join us friends! https://t.co/od2k8tZg7q","",,,,1,0,,,,,,"""2017-07-05T20:30:14.000Z""","""2017-07-05T20:30:14.000Z""",1326,""
156839,"gregorybayne","""2017-03-31T01:34:13.000Z""","post","https://twitter.com/gregorybayne/status/847623031950254080","","twitter","847623031950254100","264 backers strong! Just over $6,000 to go! 4.5 hours to get it done. Who's with us? #SupportIndieFilm https://t.co/8XR3b713Wv","SupportIndieFilm",,,,3,1,,,,,,"""2017-07-05T20:30:14.000Z""","""2017-07-05T20:30:14.000Z""",1326,""
156840,"gregorybayne","""2017-03-31T00:30:08.000Z""","post","https://twitter.com/gregorybayne/status/847606905472024579","","twitter","847606905472024600","Good lord I have a lot of news to catch up on tomorrow.","",,,,0,0,,,,,,"""2017-07-05T20:30:14.000Z""","""2017-07-05T20:30:14.000Z""",1326,""
156841,"gregorybayne","""2017-03-31T00:19:02.000Z""","post","https://twitter.com/gregorybayne/status/847604111134531584","","twitter","847604111134531600","My man! @tommybertin is lucky backer 260 for #6DynamicLaws! Thank you, sir!","6DynamicLaws",,,,0,2,,,,,,"""2017-07-05T20:30:14.000Z""","""2017-07-05T20:30:14.000Z""",1326,""
156842,"gregorybayne","""2017-03-31T00:10:28.000Z""","post","https://twitter.com/gregorybayne/status/847601953563594759","","twitter","847601953563594800","@ladufurrena Right?","",,,,0,0,,,,,,"""2017-07-05T20:30:14.000Z""","""2017-07-05T20:30:14.000Z""",1326,""
156843,"gregorybayne","""2017-03-31T00:07:35.000Z""","post","https://twitter.com/gregorybayne/status/847601229714739200","","twitter","847601229714739200","Who's gonna be luck backer #260? Less than 6 hrs to go! Almost there: https://t.co/8XR3b713Wv","",,,,0,0,,,,,,"""2017-07-05T20:30:14.000Z""","""2017-07-05T20:30:14.000Z""",1326,""
156844,"gregorybayne","""2017-03-31T00:01:02.000Z""","post","https://twitter.com/gregorybayne/status/847599583215501312","","twitter","847599583215501300","Ha! Love this. https://t.co/IKAlpQGN3J","",,,,0,1,,,,,,"""2017-07-05T20:30:14.000Z""","""2017-07-05T20:30:14.000Z""",1326,""
156845,"gregorybayne","""2017-03-30T23:22:02.000Z""","post","https://twitter.com/gregorybayne/status/847589765335494656","","twitter","847589765335494700","With 6 hrs 40 mins left, we've closed the gap to just $7500 until we're fully funded for #6DynamicLaws. #letsdothis https://t.co/8XR3b713Wv","6DynamicLaws,letsdothis",,,,0,0,,,,,,"""2017-07-05T20:30:14.000Z""","""2017-07-05T20:30:14.000Z""",1326,""
156846,"gregorybayne","""2017-03-30T22:34:01.000Z""","post","https://twitter.com/gregorybayne/status/847577682191597568","","twitter","847577682191597600","We're closing in now, friends! Just $8,293 left to raise in the next 7 hours. Thank you for sharing &amp; pledging. https://t.co/8XR3b713Wv","",,,,0,0,,,,,,"""2017-07-05T20:30:14.000Z""","""2017-07-05T20:30:14.000Z""",1326,""
156847,"gregorybayne","""2017-03-30T22:11:04.000Z""","post","https://twitter.com/gregorybayne/status/847571906240724992","","twitter","847571906240725000","My view for the past 30 days. Just 7 HOURS and $8,293 LEFT TO GO! The time is nigh, join in, get… https://t.co/AOW6JUII82","",,,,0,0,,,,,,"""2017-07-05T20:30:14.000Z""","""2017-07-05T20:30:14.000Z""",1326,""
156848,"gregorybayne","""2017-03-30T21:31:52.000Z""","post","https://twitter.com/gregorybayne/status/847562041418174465","","twitter","847562041418174500","""An agreement to share stolen money?"" Oh yes, and so much more in this #noir #comedy! #6DynamicLaws 8 hours to fund… https://t.co/pn42yIr979","noir,comedy,6DynamicLaws",,,,0,0,,,,,,"""2017-07-05T20:30:14.000Z""","""2017-07-05T20:30:14.000Z""",1326,""
156849,"gregorybayne","""2017-03-30T21:18:10.000Z""","post","https://twitter.com/gregorybayne/status/847558592911753217","","twitter","847558592911753200","@ladufurrena Thank you, @ladufurrena! So grateful for your support, and for hosting our final scene in the movie!","",,,,0,1,,,,,,"""2017-07-05T20:30:14.000Z""","""2017-07-05T20:30:14.000Z""",1326,""
156850,"gregorybayne","""2017-03-30T21:15:21.000Z""","post","https://twitter.com/gregorybayne/status/847557886024613888","","twitter","847557886024613900","We're in 4 digit-land! 8hrs 45mins remain to raise $9,903 to successfully fund #6DynamicLaws completion. https://t.co/8XR3b713Wv","6DynamicLaws",,,,0,1,,,,,,"""2017-07-05T20:30:14.000Z""","""2017-07-05T20:30:14.000Z""",1326,""
156851,"gregorybayne","""2017-03-30T19:51:42.000Z""","post","https://twitter.com/gregorybayne/status/847536835857326080","","twitter","847536835857326100","1 backer away from 250. 1! See what #6DynamicLaws is all about and jump in here: https://t.co/8XR3b713Wv","6DynamicLaws",,,,0,1,,,,,,"""2017-07-05T20:30:14.000Z""","""2017-07-05T20:30:14.000Z""",1326,""
156852,"gregorybayne","""2017-03-30T19:50:49.000Z""","post","https://twitter.com/gregorybayne/status/847536611248062464","","twitter","847536611248062500","True story. https://t.co/zlTuF8f3rz","",,,,0,0,,,,,,"""2017-07-05T20:30:14.000Z""","""2017-07-05T20:30:14.000Z""",1326,""
156853,"gregorybayne","""2017-03-30T19:28:32.000Z""","post","https://twitter.com/gregorybayne/status/847531003367178240","","twitter","847531003367178200","Reviews are in from our @filmfortfest work-in-progress screening! 10 hrs to fund the film's completion @kickstarter… https://t.co/aalF0oP7dI","",,,,2,1,,,,,,"""2017-07-05T20:30:14.000Z""","""2017-07-05T20:30:14.000Z""",1326,""
156854,"gregorybayne","""2017-03-30T19:01:29.000Z""","post","https://twitter.com/gregorybayne/status/847524199115628545","","twitter","847524199115628500","""What brings me here to night is the story of theft, intrigue, betrayal, and the missing sum of 2 million dollars.""… https://t.co/0d9c0kexg2","",,,,0,1,,,,,,"""2017-07-05T20:30:14.000Z""","""2017-07-05T20:30:14.000Z""",1326,""
156855,"gregorybayne","""2017-03-30T18:46:14.000Z""","post","https://twitter.com/gregorybayne/status/847520357334499328","","twitter","847520357334499300","On your final day of kickstarting you go straight from coffee to wine.","",,,,0,0,,,,,,"""2017-07-05T20:30:14.000Z""","""2017-07-05T20:30:14.000Z""",1326,""
156856,"gregorybayne","""2017-03-30T18:33:57.000Z""","post","https://twitter.com/gregorybayne/status/847517268460294144","","twitter","847517268460294100","So true it bears repeating. Thank you @LafleurJennifer &amp; @PartridgeRoss for seeing (and enhancing) the vision for… https://t.co/gYyPZ6ysVM","",,,,0,5,,,,,,"""2017-07-05T20:30:14.000Z""","""2017-07-05T20:30:14.000Z""",1326,""
156857,"gregorybayne","""2017-03-30T18:11:49.000Z""","post","https://twitter.com/gregorybayne/status/847511697623367680","","twitter","847511697623367700","Nail biter! $33,068 pledged of $44,000 goal • 243 backers • 11 hours to go for #6DynamicLaws on @kickstarter! https://t.co/8XR3b713Wv","6DynamicLaws",,,,1,0,,,,,,"""2017-07-05T20:30:14.000Z""","""2017-07-05T20:30:14.000Z""",1326,""
156858,"gregorybayne","""2017-03-30T17:54:36.000Z""","post","https://twitter.com/gregorybayne/status/847507364659867648","","twitter","847507364659867600","Thank you so much! https://t.co/0v8LHZcD8J","",,,,0,1,,,,,,"""2017-07-05T20:30:14.000Z""","""2017-07-05T20:30:14.000Z""",1326,""
156859,"gregorybayne","""2017-03-30T16:26:20.000Z""","post","https://twitter.com/gregorybayne/status/847485152070467587","","twitter","847485152070467600","Deadline Midnight Tonight for #6DynamicLaws! Back this #noir #comedy on @Kickstarter #SupportIndieFilm https://t.co/8XR3b713Wv","6DynamicLaws,noir,comedy,SupportIndieFilm",,,,2,7,,,,,,"""2017-07-05T20:30:14.000Z""","""2017-07-05T20:30:14.000Z""",1326,""
156860,"gregorybayne","""2017-03-30T15:59:48.000Z""","post","https://twitter.com/gregorybayne/status/847478473371209728","","twitter","847478473371209700","DO OR DIE TIME! #6dynamiclaws! Pledge your support kickstarter Link in my profile. #filmmaking… https://t.co/IfUEmu1ctk","6dynamiclaws,filmmaking",,,,0,0,,,,,,"""2017-07-05T20:30:14.000Z""","""2017-07-05T20:30:14.000Z""",1326,""
156861,"gregorybayne","""2017-03-30T15:07:52.000Z""","post","https://twitter.com/gregorybayne/status/847465406033870848","","twitter","847465406033870800","Here we go friends!14 hrs to go. $12K to raise to meet our all-or-nothing goal for #6DynamicLaws Join us here: https://t.co/8XR3b713Wv","6DynamicLaws",,,,0,0,,,,,,"""2017-07-05T20:30:14.000Z""","""2017-07-05T20:30:14.000Z""",1326,""
156862,"gregorybayne","""2017-03-30T13:32:37.000Z""","post","https://twitter.com/gregorybayne/status/847441433145376768","","twitter","847441433145376800","RT @shackett: La La Fleur @LafleurJennifer https://t.co/sORzpDG9iV","",,,,1,0,,,,,,"""2017-07-05T20:30:14.000Z""","""2017-07-05T20:30:14.000Z""",1326,""
156863,"gregorybayne","""2017-03-30T06:13:42.000Z""","post","https://twitter.com/gregorybayne/status/847330977894379521","","twitter","847330977894379500","In official do or die time. #24hours #comedy #noir #kickstarter #6dynamiclaws #SupportIndieFilm https://t.co/8XR3b713Wv","24hours,comedy,noir,kickstarter,6dynamiclaws,SupportIndieFilm",,,,0,1,,,,,,"""2017-07-05T20:30:14.000Z""","""2017-07-05T20:30:14.000Z""",1326,""
156864,"gregorybayne","""2017-03-30T04:29:35.000Z""","post","https://twitter.com/gregorybayne/status/847304776878505986","","twitter","847304776878506000","RT @LSue23: A #FilmNoir &amp; comedy! #SupportIndieFilm &amp; you'll get much more! @FirstGlanceFilm @filmnoirreviews @IndieFilmDrama @SunshineBoyP…","FilmNoir,SupportIndieFilm",,,,3,0,,,,,,"""2017-07-05T20:30:14.000Z""","""2017-07-05T20:30:14.000Z""",1326,""
156865,"gregorybayne","""2017-03-30T04:23:54.000Z""","post","https://twitter.com/gregorybayne/status/847303345211494402","","twitter","847303345211494400","@lmcnelly Thanks for sharing, my friend.","",,,,0,0,,,,,,"""2017-07-05T20:30:14.000Z""","""2017-07-05T20:30:14.000Z""",1326,""
156866,"gregorybayne","""2017-03-30T04:23:22.000Z""","post","https://twitter.com/gregorybayne/status/847303212939988992","","twitter","847303212939989000","UPDATE! $525 from meeting $1000 bonus pledge challenge! Love cinema, like to laugh? Do we have a deal for you! https://t.co/8XR3b713Wv","",,,,0,2,,,,,,"""2017-07-05T20:30:14.000Z""","""2017-07-05T20:30:14.000Z""",1326,""
156867,"gregorybayne","""2017-03-30T03:48:51.000Z""","post","https://twitter.com/gregorybayne/status/847294525345120256","","twitter","847294525345120300","$725 away from the short term midnight goal &amp; $12,859 away from GOOOOAAALLLL. All over midnight tmrw #6DynamicLaws https://t.co/8XR3b713Wv","6DynamicLaws",,,,0,1,,,,,,"""2017-07-05T20:30:14.000Z""","""2017-07-05T20:30:14.000Z""",1326,""
156868,"gregorybayne","""2017-03-30T03:13:42.000Z""","post","https://twitter.com/gregorybayne/status/847285678996045824","","twitter","847285678996045800","$825 more pledged by midnight we get a $1K bonus pledge. Every dollar counts in these final hours for #6DynamicLaws https://t.co/8XR3b713Wv","6DynamicLaws",,,,1,0,,,,,,"""2017-07-05T20:30:14.000Z""","""2017-07-05T20:30:14.000Z""",1326,""
156869,"gregorybayne","""2017-03-30T02:28:33.000Z""","post","https://twitter.com/gregorybayne/status/847274318253834240","","twitter","847274318253834200","We've been challenged again! We need to raise another $930 by midnight PT and we receive a $1,000 bonus pledge! https://t.co/8XR3b713Wv","",,,,0,0,,,,,,"""2017-07-05T20:30:14.000Z""","""2017-07-05T20:30:14.000Z""",1326,""
156870,"gregorybayne","""2017-03-30T00:32:02.000Z""","post","https://twitter.com/gregorybayne/status/847244994268119041","","twitter","847244994268119000","Livestreaming now! https://t.co/EjNxy0VpfJ","",,,,1,0,,,,,,"""2017-07-05T20:30:14.000Z""","""2017-07-05T20:30:14.000Z""",1326,""
156871,"gregorybayne","""2017-03-29T23:28:06.000Z""","post","https://twitter.com/gregorybayne/status/847228906834870272","","twitter","847228906834870300","The #6dynamiclaws Telethon Studio! Live at 8pm ET! 216 Backers Strong, $13,679 left to raise,… https://t.co/WjwhUhO0Yg","6dynamiclaws",,,,1,0,,,,,,"""2017-07-05T20:30:14.000Z""","""2017-07-05T20:30:14.000Z""",1326,""
156872,"gregorybayne","""2017-03-29T20:46:54.000Z""","post","https://twitter.com/gregorybayne/status/847188338008182784","","twitter","847188338008182800","@TracyHeldPotter @robot_eva @filmindependent Thank you!","",,,,0,1,,,,,,"""2017-07-05T20:30:14.000Z""","""2017-07-05T20:30:14.000Z""",1326,""
156873,"gregorybayne","""2017-03-29T20:38:10.000Z""","post","https://twitter.com/gregorybayne/status/847186139303690240","","twitter","847186139303690200","@TracyHeldPotter @robot_eva @filmindependent Thabks for sharing!","",,,,0,1,,,,,,"""2017-07-05T20:30:14.000Z""","""2017-07-05T20:30:14.000Z""",1326,""
156874,"gregorybayne","""2017-03-29T20:07:43.000Z""","post","https://twitter.com/gregorybayne/status/847178476217970688","","twitter","847178476217970700","210 Backers &amp; over $30K pledged! Thank you! 33 hours to go for #6DynamicLaws! #allornothing #SupportIndieFilm https://t.co/8XR3b713Wv","6DynamicLaws,allornothing,SupportIndieFilm",,,,1,3,,,,,,"""2017-07-05T20:30:14.000Z""","""2017-07-05T20:30:14.000Z""",1326,""
156875,"gregorybayne","""2017-03-29T18:40:01.000Z""","post","https://twitter.com/gregorybayne/status/847156407736590336","","twitter","847156407736590300","209 backers strong. $29,951 pledged of $44K goal. 35 hours &amp; minutes to go for #comedy #noir #6DynamicLaws! https://t.co/8XR3b713Wv","comedy,noir,6DynamicLaws",,,,0,0,,,,,,"""2017-07-05T20:30:14.000Z""","""2017-07-05T20:30:14.000Z""",1326,""
156876,"gregorybayne","""2017-03-29T17:47:59.000Z""","post","https://twitter.com/gregorybayne/status/847143311127199744","","twitter","847143311127199700","Love @ifpfilm. Love Film Week. Highly recommend applying. https://t.co/PEb5xMa3Qn","",,,,1,2,,,,,,"""2017-07-05T20:30:14.000Z""","""2017-07-05T20:30:14.000Z""",1326,""
156877,"gregorybayne","""2017-03-29T17:43:44.000Z""","post","https://twitter.com/gregorybayne/status/847142243081211904","","twitter","847142243081211900","$229 from $30,000 funded for #6DynamicLaws. 36 hours to go! So, so close, but I'd love your help spreading the word… https://t.co/LpMC6R6uv8","6DynamicLaws",,,,0,8,,,,,,"""2017-07-05T20:30:14.000Z""","""2017-07-05T20:30:14.000Z""",1326,""
156878,"gregorybayne","""2017-03-29T17:14:11.000Z""","post","https://twitter.com/gregorybayne/status/847134808379576320","","twitter","847134808379576300","206 Backers Strong, 67% funded,$14,379 left to raise, 36 hours to go! You in for #6dynamiclaws?… https://t.co/plaWnfUtCY","6dynamiclaws",,,,2,0,,,,,,"""2017-07-05T20:30:14.000Z""","""2017-07-05T20:30:14.000Z""",1326,""
156879,"gregorybayne","""2017-03-29T05:53:36.000Z""","post","https://twitter.com/gregorybayne/status/846963533376053248","","twitter","846963533376053200","And, we did it! Bonus pledge achieve! TY everyone. Still 48 hrs &amp; $18K to go to completely fund #6DynamicLaws! https://t.co/8XR3b6Jt4X","6DynamicLaws",,,,0,1,,,,,,"""2017-07-05T20:30:14.000Z""","""2017-07-05T20:30:14.000Z""",1326,""
156880,"gregorybayne","""2017-03-29T05:37:47.000Z""","post","https://twitter.com/gregorybayne/status/846959550368534528","","twitter","846959550368534500","#6DynamicLaws is just $20 from receiving a $2500 bonus pledge to complete &amp; release this film! #SupportIndieFilm https://t.co/8XR3b6Jt4X","6DynamicLaws,SupportIndieFilm",,,,0,3,,,,,,"""2017-07-05T20:30:14.000Z""","""2017-07-05T20:30:14.000Z""",1326,""
156881,"gregorybayne","""2017-03-29T05:17:26.000Z""","post","https://twitter.com/gregorybayne/status/846954428473266176","","twitter","846954428473266200","$224 from receiving $2,500 bonus pledge for our #noir #comedy #6DynamicLaws Must reach the goal in the next 44 mins. https://t.co/8XR3b6Jt4X","noir,comedy,6DynamicLaws",,,,0,0,,,,,,"""2017-07-05T20:30:14.000Z""","""2017-07-05T20:30:14.000Z""",1326,""
156882,"gregorybayne","""2017-03-29T05:04:29.000Z""","post","https://twitter.com/gregorybayne/status/846951171982086144","","twitter","846951171982086100","@LSue23 @TheNoirZone @TheFilmNoirGuy @noirlosangeles Thanks for sharing!","",,,,0,2,,,,,,"""2017-07-05T20:30:14.000Z""","""2017-07-05T20:30:14.000Z""",1326,""
156883,"gregorybayne","""2017-03-29T05:04:11.000Z""","post","https://twitter.com/gregorybayne/status/846951096937598978","","twitter","846951096937599000","RT @LSue23: A #FilmNoir of murder, betrayal, intrigue &amp; self improvement! #SupportIndieFilm @TheNoirZone @TheFilmNoirGuy @noirlosangeles ht…","FilmNoir,SupportIndieFilm",,,,3,0,,,,,,"""2017-07-05T20:30:14.000Z""","""2017-07-05T20:30:14.000Z""",1326,""
156884,"gregorybayne","""2017-03-29T05:02:37.000Z""","post","https://twitter.com/gregorybayne/status/846950702500990977","","twitter","846950702500991000","Yes, please! https://t.co/rzkzRQgpQa","",,,,0,1,,,,,,"""2017-07-05T20:30:14.000Z""","""2017-07-05T20:30:14.000Z""",1326,""
156885,"gregorybayne","""2017-03-29T04:25:10.000Z""","post","https://twitter.com/gregorybayne/status/846941277295824897","","twitter","846941277295824900","1 goal down! 26 new backers for #6DynamicLaws! Just $624 from a full $2500 bonus if we hit it in the next 1.5 hrs. https://t.co/8XR3b713Wv","6DynamicLaws",,,,0,1,,,,,,"""2017-07-05T20:30:14.000Z""","""2017-07-05T20:30:14.000Z""",1326,""
156886,"gregorybayne","""2017-03-29T03:49:00.000Z""","post","https://twitter.com/gregorybayne/status/846932175672885248","","twitter","846932175672885200","RT @billfishkin: Oh hell yes. https://t.co/accNFhT0yj","",,,,1,0,,,,,,"""2017-07-05T20:30:14.000Z""","""2017-07-05T20:30:14.000Z""",1326,""
156887,"gregorybayne","""2017-03-29T03:33:42.000Z""","post","https://twitter.com/gregorybayne/status/846928323808714752","","twitter","846928323808714800","@ladufurrena Thank you, @ladufurrena!","",,,,0,1,,,,,,"""2017-07-05T20:30:14.000Z""","""2017-07-05T20:30:14.000Z""",1326,""
156888,"gregorybayne","""2017-03-29T03:25:16.000Z""","post","https://twitter.com/gregorybayne/status/846926202006781952","","twitter","846926202006782000","Just 2.5 hrs left to meet our bonus pledge for #6DynamicLaws. 3 kind backers &amp; $909 in new pledges gets us $2500. https://t.co/8XR3b713Wv","6DynamicLaws",,,,0,2,,,,,,"""2017-07-05T20:30:14.000Z""","""2017-07-05T20:30:14.000Z""",1326,""
156889,"gregorybayne","""2017-03-29T03:00:05.000Z""","post","https://twitter.com/gregorybayne/status/846919866858688512","","twitter","846919866858688500","Yes, what he said. https://t.co/34pFbbRPDO","",,,,0,1,,,,,,"""2017-07-05T20:30:14.000Z""","""2017-07-05T20:30:14.000Z""",1326,""
156890,"gregorybayne","""2017-03-29T02:26:18.000Z""","post","https://twitter.com/gregorybayne/status/846911364878680064","","twitter","846911364878680000","RT @mathowie: someday I hope to see Ted Cruz' browser history on a t-shirt, sold at @cottonbureau https://t.co/9Y2hY69rh9","",,,,10,0,,,,,,"""2017-07-05T20:30:14.000Z""","""2017-07-05T20:30:14.000Z""",1326,""
156891,"gregorybayne","""2017-03-29T01:59:32.000Z""","photo","https://twitter.com/gregorybayne/status/846904628742533121","http://pbs.twimg.com/media/C8Cbj63XwAAJ5Kg.jpg","twitter","846904628742533100","RT @ACLU: BREAKING: Congress votes to gut #broadbandprivacy protections. https://t.co/mipfLBSKRo","broadbandprivacy",,,,3686,0,,,,,,"""2017-07-05T20:30:14.000Z""","""2017-07-05T20:30:14.000Z""",1326,""
156892,"gregorybayne","""2017-03-29T01:47:03.000Z""","post","https://twitter.com/gregorybayne/status/846901486013505537","","twitter","846901486013505500","Friends, we're $1,195 &amp; 9 backers away from a bonus pledge of $2500 toward #6DynamicLaws. #SupportIndieFilm? https://t.co/8XR3b713Wv","6DynamicLaws,SupportIndieFilm",,,,1,3,,,,,,"""2017-07-05T20:30:14.000Z""","""2017-07-05T20:30:14.000Z""",1326,""
156893,"gregorybayne","""2017-03-29T00:36:49.000Z""","post","https://twitter.com/gregorybayne/status/846883810549497856","","twitter","846883810549497900","Tomorrow night! Live telethon via FB-Live. We drink, talk #6DynamicLaws, show clips, with any luck, raise our goal!… https://t.co/7EZRUjYeDB","6DynamicLaws",,,,0,0,,,,,,"""2017-07-05T20:30:14.000Z""","""2017-07-05T20:30:14.000Z""",1326,""
156894,"gregorybayne","""2017-03-29T00:29:14.000Z""","post","https://twitter.com/gregorybayne/status/846881904431312896","","twitter","846881904431312900","Just 13 backers &amp; $1550 away from a $2500 bonus pledge for #6DynamicLaws! TY for RTing, pledging &amp; being amazing!… https://t.co/4Sf4L2bvHT","6DynamicLaws",,,,0,0,,,,,,"""2017-07-05T20:30:14.000Z""","""2017-07-05T20:30:14.000Z""",1326,""
156895,"gregorybayne","""2017-03-28T21:38:57.000Z""","post","https://twitter.com/gregorybayne/status/846839048861822977","","twitter","846839048861823000","19 new backers &amp; $2,205 in pledges to go before midnight &amp; we receive a $2500 bonus pledge! Join team #6DynamicLaws: https://t.co/8XR3b6Jt4X","6DynamicLaws",,,,1,0,,,,,,"""2017-07-05T20:30:14.000Z""","""2017-07-05T20:30:14.000Z""",1326,""
156896,"gregorybayne","""2017-03-28T21:22:12.000Z""","post","https://twitter.com/gregorybayne/status/846834834257461249","","twitter","846834834257461200","6 new backers are in for #6DynamicLaws! Thank you! 19 more &amp; we receive a bonus pledge! Trailer, and more here: https://t.co/8XR3b6Jt4X","6DynamicLaws",,,,0,0,,,,,,"""2017-07-05T20:30:14.000Z""","""2017-07-05T20:30:14.000Z""",1326,""
156897,"gregorybayne","""2017-03-28T21:13:56.000Z""","post","https://twitter.com/gregorybayne/status/846832755258380288","","twitter","846832755258380300","@LafleurJennifer Thank you (to my favorite actress in the land) for sharing the #6DynamicLaws Drive to 25!","6DynamicLaws",,,,0,0,,,,,,"""2017-07-05T20:30:14.000Z""","""2017-07-05T20:30:14.000Z""",1326,""
156898,"gregorybayne","""2017-03-28T20:18:04.000Z""","post","https://twitter.com/gregorybayne/status/846818692327464966","","twitter","846818692327465000","21 moe backers for #6DynamicLaws we get at $1250 bonus pledge. $2500 more raised, we get an additional $1250 bonus! https://t.co/8XR3b6Jt4X","6DynamicLaws",,,,0,0,,,,,,"""2017-07-05T20:30:14.000Z""","""2017-07-05T20:30:14.000Z""",1326,""
156899,"gregorybayne","""2017-03-28T19:14:40.000Z""","post","https://twitter.com/gregorybayne/status/846802739824857088","","twitter","846802739824857100","3 new backers in the past 10 mins! 22 more &amp; we get a bonus pledge! #6DynamicLaws #SupportIndieFilm #FinalHours https://t.co/8XR3b6Jt4X","6DynamicLaws,SupportIndieFilm,FinalHours",,,,0,2,,,,,,"""2017-07-05T20:30:14.000Z""","""2017-07-05T20:30:14.000Z""",1326,""
156900,"gregorybayne","""2017-03-28T18:41:38.000Z""","post","https://twitter.com/gregorybayne/status/846794424650809345","","twitter","846794424650809300","@grking Thanks for sharing, and being among the 1st to back #6DynamicLaws, Gary!","6DynamicLaws",,,,0,0,,,,,,"""2017-07-05T20:30:14.000Z""","""2017-07-05T20:30:14.000Z""",1326,""
156901,"gregorybayne","""2017-03-28T18:40:49.000Z""","post","https://twitter.com/gregorybayne/status/846794218966319105","","twitter","846794218966319100","@FirstGlanceFilm Thanks for sharing the #6DynamicLaws Campaign!","6DynamicLaws",,,,0,0,,,,,,"""2017-07-05T20:30:14.000Z""","""2017-07-05T20:30:14.000Z""",1326,""
156902,"gregorybayne","""2017-03-28T18:38:16.000Z""","post","https://twitter.com/gregorybayne/status/846793577762095104","","twitter","846793577762095100","Friends! We've been challenged! $2,500 bonus pledge on the line for #6DynamicLaws! Kindly, RT, Pledge &amp; Share.… https://t.co/tntyit1K3a","6DynamicLaws",,,,2,6,,,,,,"""2017-07-05T20:30:14.000Z""","""2017-07-05T20:30:14.000Z""",1326,""
156903,"gregorybayne","""2017-03-28T16:02:25.000Z""","post","https://twitter.com/gregorybayne/status/846754359182528517","","twitter","846754359182528500","2 DAYS LEFT. #SupportIndieFilm &amp; join team #6DynamicLaws described as ""So damned funny I peed myself a little.""… https://t.co/W1tXDTC3zk","SupportIndieFilm,6DynamicLaws",,,,1,1,,,,,,"""2017-07-05T20:30:14.000Z""","""2017-07-05T20:30:14.000Z""",1326,""
156904,"gregorybayne","""2017-03-28T02:36:21.000Z""","post","https://twitter.com/gregorybayne/status/846551506190983169","","twitter","846551506190983200","Less than $1400 away from 50% funded my friend. Thank you so damned much. 3 Days 3 &amp; 1/2 Hours to Go. https://t.co/8XR3b713Wv #6DynamicLaws","6DynamicLaws",,,,0,0,,,,,,"""2017-07-05T20:30:14.000Z""","""2017-07-05T20:30:14.000Z""",1326,""
156906,"gregorybayne","""2017-03-28T01:47:51.000Z""","post","https://twitter.com/gregorybayne/status/846539297062727680","","twitter","846539297062727700","I miss Canada. And Sasquatch hunting. Thanks for this @mikebabz. Go give these guys a vote. https://t.co/CqZOtYincG https://t.co/ysu2q7jFjI","",,,,0,1,,,,,,"""2017-07-05T20:30:14.000Z""","""2017-07-05T20:30:14.000Z""",1326,""
156907,"gregorybayne","""2017-03-28T01:19:22.000Z""","post","https://twitter.com/gregorybayne/status/846532129886384128","","twitter","846532129886384100","The reviews from our @filmfortfest screening are in! Just 3 days and hours to go join team #6DynamicLaws:… https://t.co/ePsVOOd4da","6DynamicLaws",,,,1,1,,,,,,"""2017-07-05T20:30:14.000Z""","""2017-07-05T20:30:14.000Z""",1326,""
156908,"gregorybayne","""2017-03-28T00:10:23.000Z""","post","https://twitter.com/gregorybayne/status/846514771293745152","","twitter","846514771293745200","We're less than $1600 from 50% funded for #6DynamicLaws on @kickstarter. 3 Days to go. Friends, I need you tonight. https://t.co/8XR3b713Wv","6DynamicLaws",,,,0,0,,,,,,"""2017-07-05T20:30:14.000Z""","""2017-07-05T20:30:14.000Z""",1326,""
156909,"gregorybayne","""2017-03-27T22:10:55.000Z""","post","https://twitter.com/gregorybayne/status/846484706103218178","","twitter","846484706103218200","The ol' ""let's stand on top of the van"" shot. Photo by lilarays. #6dynamiclaws #filmmaking… https://t.co/7tK4IFB6fE","6dynamiclaws,filmmaking",,,,1,0,,,,,,"""2017-07-05T20:30:14.000Z""","""2017-07-05T20:30:14.000Z""",1326,""
156910,"gregorybayne","""2017-03-27T17:55:40.000Z""","post","https://twitter.com/gregorybayne/status/846420469448261632","","twitter","846420469448261600","One of my favorite parts of shooting #6dynamiclaws was all the great vehicles folks were kind… https://t.co/u2v6bUmOUq","6dynamiclaws",,,,0,0,,,,,,"""2017-07-05T20:30:14.000Z""","""2017-07-05T20:30:14.000Z""",1326,""
156911,"gregorybayne","""2017-03-27T14:56:40.000Z""","post","https://twitter.com/gregorybayne/status/846375423575404545","","twitter","846375423575404500","DEADLINE: THURSDAY 3/30 MIDNIGHT. We're nearly 50% funded for #6DynamicLaws. Love cinema? Love to laugh? Join us! https://t.co/8XR3b713Wv","6DynamicLaws",,,,1,0,,,,,,"""2017-07-05T20:30:14.000Z""","""2017-07-05T20:30:14.000Z""",1326,""
156912,"gregorybayne","""2017-03-27T04:49:03.000Z""","post","https://twitter.com/gregorybayne/status/846222509968019456","","twitter","846222509968019500","RT @mikebabz: Support #indiefilm @gregorybayne ""6 Dynamic Laws for Success"" A Noir Comedy on @Kickstarter https://t.co/P6LIgraig2","indiefilm",,,,2,0,,,,,,"""2017-07-05T20:30:14.000Z""","""2017-07-05T20:30:14.000Z""",1326,""
156913,"gregorybayne","""2017-03-27T01:10:20.000Z""","post","https://twitter.com/gregorybayne/status/846167469160988673","","twitter","846167469160988700","Thanks for joining team #6DynamicLaws Yancey! https://t.co/TAFZWwppSn","6DynamicLaws",,,,1,2,,,,,,"""2017-07-05T20:30:14.000Z""","""2017-07-05T20:30:14.000Z""",1326,""
156914,"gregorybayne","""2017-03-26T21:15:55.000Z""","post","https://twitter.com/gregorybayne/status/846108478062022656","","twitter","846108478062022700","Hey, @filmfortfest. I love you. https://t.co/d0stOr05a2","",,,,0,4,,,,,,"""2017-07-05T20:30:14.000Z""","""2017-07-05T20:30:14.000Z""",1326,""
156915,"gregorybayne","""2017-03-26T19:35:50.000Z""","post","https://twitter.com/gregorybayne/status/846083289202929664","","twitter","846083289202929700","Some of the varied #insparations for #6dynamiclaws • Down by Law • Eraserhead • In Cold Blood •… https://t.co/LdCH2QEIO8","insparations,6dynamiclaws",,,,0,0,,,,,,"""2017-07-05T20:30:14.000Z""","""2017-07-05T20:30:14.000Z""",1326,""
156916,"gregorybayne","""2017-03-26T18:58:34.000Z""","post","https://twitter.com/gregorybayne/status/846073910235820033","","twitter","846073910235820000","Just 3 backers away from 140 strong for #6DynamicLaws! I know we can do this. Thanks for jumping onboard friends! https://t.co/8XR3b713Wv","6DynamicLaws",,,,0,0,,,,,,"""2017-07-05T20:30:14.000Z""","""2017-07-05T20:30:14.000Z""",1326,""
156917,"gregorybayne","""2017-03-26T16:09:31.000Z""","post","https://twitter.com/gregorybayne/status/846031368156954624","","twitter","846031368156954600","We're screening a work-in-progress of the full film today @filmfortfest! 4:30pm #Boise… https://t.co/nrvVW8SpsI","Boise",,,,1,1,,,,,,"""2017-07-05T20:30:14.000Z""","""2017-07-05T20:30:14.000Z""",1326,""
156918,"gregorybayne","""2017-03-26T16:06:51.000Z""","post","https://twitter.com/gregorybayne/status/846030698389561345","","twitter","846030698389561300","$17,430 pledged of $44,000 goal • 134 backers strong • 4 Days &amp; change to go. Join our team for #6DynamicLaws here: https://t.co/8XR3b713Wv","6DynamicLaws",,,,0,0,,,,,,"""2017-07-05T20:30:14.000Z""","""2017-07-05T20:30:14.000Z""",1326,""
156919,"gregorybayne","""2017-03-26T15:14:25.000Z""","post","https://twitter.com/gregorybayne/status/846017504577126400","","twitter","846017504577126400","$17,430 raised of our $44,000 goal! #6dynamiclaws! We have 5 DAYS LEFT to meet this… https://t.co/wtH1Ir6qwa","6dynamiclaws",,,,0,0,,,,,,"""2017-07-05T20:30:14.000Z""","""2017-07-05T20:30:14.000Z""",1326,""
156920,"gregorybayne","""2017-03-26T02:43:01.000Z""","post","https://twitter.com/gregorybayne/status/845828407820673024","","twitter","845828407820673000","A word from the author of ""6 Dynamic Laws for Success (in Life, Love &amp; Money),"" E.H. Mumford PhD. Full video @… https://t.co/4ujhr8Buw1","",,,,0,0,,,,,,"""2017-07-05T20:30:14.000Z""","""2017-07-05T20:30:14.000Z""",1326,""
156921,"gregorybayne","""2017-03-26T14:53:06.000Z""","post","https://twitter.com/gregorybayne/status/846012135993880576","","twitter","846012135993880600","5 DAYS LEFT for my new noir comedy feature on @kickstarter. Kindly take a gander here: https://t.co/8XR3b713Wv https://t.co/FnqdP4YB9i","",,,,0,1,,,,,,"""2017-07-05T20:30:14.000Z""","""2017-07-05T20:30:14.000Z""",1326,""
156922,"gregorybayne","""2017-03-25T17:18:31.000Z""","post","https://twitter.com/gregorybayne/status/845686345578115072","","twitter","845686345578115100","$770 away from 40% funded this morning for 6 Dynamic Laws for Success In Life, Love &amp; Money. Y'all are amazing. https://t.co/8XR3b713Wv","",,,,0,0,,,,,,"""2017-07-05T20:30:14.000Z""","""2017-07-05T20:30:14.000Z""",1326,""
156923,"gregorybayne","""2017-03-25T15:07:49.000Z""","post","https://twitter.com/gregorybayne/status/845653455293235204","","twitter","845653455293235200","5 DAYS LEFT to meet our all-or-nothing goal to complete this zany noir comedy on @kickstarter. See the full trailer… https://t.co/kCP6RbdAj9","",,,,0,0,,,,,,"""2017-07-05T20:30:14.000Z""","""2017-07-05T20:30:14.000Z""",1326,""
156924,"gregorybayne","""2017-03-25T15:06:30.000Z""","post","https://twitter.com/gregorybayne/status/845653120298344449","","twitter","845653120298344400","Love you guys! https://t.co/K2yutqpBOr","",,,,0,2,,,,,,"""2017-07-05T20:30:14.000Z""","""2017-07-05T20:30:14.000Z""",1326,""
156925,"gregorybayne","""2017-03-25T15:00:48.000Z""","post","https://twitter.com/gregorybayne/status/845651685871566849","","twitter","845651685871566800","Thanks you for all the amazing support for #6dynamiclaws! We have 5 DAYS LEFT to meet our… https://t.co/mrdvN41U48","6dynamiclaws",,,,0,0,,,,,,"""2017-07-05T20:30:14.000Z""","""2017-07-05T20:30:14.000Z""",1326,""
156926,"gregorybayne","""2017-03-25T04:10:39.000Z""","post","https://twitter.com/gregorybayne/status/845488072317812737","","twitter","845488072317812700","RT @filmfortfest: Be the first to see the Idaho-grown #6DynamicLaws at #filmfort! Sun at 430p https://t.co/RqAysORZlf  #treefort2017","6DynamicLaws,filmfort,treefort2017",,,,1,0,,,,,,"""2017-07-05T20:30:14.000Z""","""2017-07-05T20:30:14.000Z""",1326,""
156927,"gregorybayne","""2017-03-25T01:56:32.000Z""","post","https://twitter.com/gregorybayne/status/845454321789558784","","twitter","845454321789558800","#6DynamicLaws is $987 away from 40% funded on @kickstarter. For once I made a film that isn't depressing. Join us! https://t.co/8XR3b713Wv","6DynamicLaws",,,,0,1,,,,,,"""2017-07-05T20:30:14.000Z""","""2017-07-05T20:30:14.000Z""",1326,""
156928,"gregorybayne","""2017-03-24T20:33:45.000Z""","post","https://twitter.com/gregorybayne/status/845373088585793536","","twitter","845373088585793500","Thank you, @amirmotlagh. Appreciate you being part of #6DynamicLaws! Excited to share this one with you my friend.","6DynamicLaws",,,,0,1,,,,,,"""2017-07-05T20:30:14.000Z""","""2017-07-05T20:30:14.000Z""",1326,""
156929,"gregorybayne","""2017-03-24T18:57:59.000Z""","post","https://twitter.com/gregorybayne/status/845348990354780160","","twitter","845348990354780200","Looking for kind backers willing to help us hit 40% funded today. Just $1367 &amp; we're there. https://t.co/8XR3b713Wv #SupportIndieFilm","SupportIndieFilm",,,,0,2,,,,,,"""2017-07-05T20:30:14.000Z""","""2017-07-05T20:30:14.000Z""",1326,""
156930,"gregorybayne","""2017-03-24T18:45:56.000Z""","post","https://twitter.com/gregorybayne/status/845345956350459904","","twitter","845345956350459900","As a past @Tribeca N.O.W. creator, I'm thrilled 2 share the talented artists in this year's edition at #Tribeca2017. https://t.co/iON4wbJdOU","Tribeca2017",,,,0,1,,,,,,"""2017-07-05T20:30:14.000Z""","""2017-07-05T20:30:14.000Z""",1326,""
156931,"gregorybayne","""2017-03-24T15:55:19.000Z""","post","https://twitter.com/gregorybayne/status/845303019277209600","","twitter","845303019277209600","""Dynamic Law No. 1 - You Can't Get Something For Nothing"" We have less than a week left to meet… https://t.co/dF67TVYKUu","",,,,0,0,,,,,,"""2017-07-05T20:30:14.000Z""","""2017-07-05T20:30:14.000Z""",1326,""
156932,"gregorybayne","""2017-03-24T14:33:43.000Z""","post","https://twitter.com/gregorybayne/status/845282483046248449","","twitter","845282483046248400","""What was the book?"" Thanks for all the incredible support for #6dynamiclaws! We have less than… https://t.co/QpeqJghrzF","6dynamiclaws",,,,0,0,,,,,,"""2017-07-05T20:30:14.000Z""","""2017-07-05T20:30:14.000Z""",1326,""
156933,"gregorybayne","""2017-03-24T02:00:32.000Z""","post","https://twitter.com/gregorybayne/status/845092939424382976","","twitter","845092939424383000","In some very good company @treefortfest / @filmfortfest! So grateful to be part of this year's… https://t.co/5DfUEBZOlA","",,,,0,2,,,,,,"""2017-07-05T20:30:14.000Z""","""2017-07-05T20:30:14.000Z""",1326,""
156934,"gregorybayne","""2017-03-23T20:26:56.000Z""","post","https://twitter.com/gregorybayne/status/845008987699372034","","twitter","845008987699372000","Free work-in-progress screening @filmfortfest this Sunday! Be among the first to get a peek at #6DynamicLaws.… https://t.co/ThwlMB7n0S","6DynamicLaws",,,,2,2,,,,,,"""2017-07-05T20:30:14.000Z""","""2017-07-05T20:30:14.000Z""",1326,""
156935,"gregorybayne","""2017-03-23T15:43:48.000Z""","post","https://twitter.com/gregorybayne/status/844937734871433216","","twitter","844937734871433200","When you make films far outside the mainstream, the only thing you really have to trade on is the work itself.… https://t.co/iicUevoXyD","",,,,0,1,,,,,,"""2017-07-05T20:30:14.000Z""","""2017-07-05T20:30:14.000Z""",1326,""
156936,"gregorybayne","""2017-03-23T15:16:35.000Z""","post","https://twitter.com/gregorybayne/status/844930882183938048","","twitter","844930882183938000","Final Week for my new film #6DynamicLaws on @kickstarter. What in the world and am talking about? It's all here:… https://t.co/08PXrc83uK","6DynamicLaws",,,,1,0,,,,,,"""2017-07-05T20:30:14.000Z""","""2017-07-05T20:30:14.000Z""",1326,""
156937,"gregorybayne","""2017-03-23T03:25:41.000Z""","post","https://twitter.com/gregorybayne/status/844751981126139904","","twitter","844751981126139900","Reached the part in the @kickstarter campaign where pledge notifications outnumber ""we'll take your campaign 2 the next level"" emails. #phew","phew",,,,0,1,,,,,,"""2017-07-05T20:30:14.000Z""","""2017-07-05T20:30:14.000Z""",1326,""
156938,"gregorybayne","""2017-03-23T02:12:38.000Z""","post","https://twitter.com/gregorybayne/status/844733596027936768","","twitter","844733596027936800","True. Though, I think it might need to expand to the entire globe. Humans can be an odd, sad, forgetful lot, the wo… https://t.co/FjygZI7qH5","",,,,0,0,,,,,,"""2017-07-05T20:30:14.000Z""","""2017-07-05T20:30:14.000Z""",1326,""
156939,"gregorybayne","""2017-03-23T02:03:50.000Z""","post","https://twitter.com/gregorybayne/status/844731383725510656","","twitter","844731383725510700","So good. https://t.co/7SdRcoUuBw","",,,,0,0,,,,,,"""2017-07-05T20:30:14.000Z""","""2017-07-05T20:30:14.000Z""",1326,""
156940,"gregorybayne","""2017-03-23T00:48:29.000Z""","post","https://twitter.com/gregorybayne/status/844712421361176577","","twitter","844712421361176600","That moment when you look up and the clock says ""drinking is considered universally acceptable now.""","",,,,0,0,,,,,,"""2017-07-05T20:30:14.000Z""","""2017-07-05T20:30:14.000Z""",1326,""
156941,"gregorybayne","""2017-03-23T00:48:18.000Z""","post","https://twitter.com/gregorybayne/status/844712371792809985","","twitter","844712371792810000","RT @washingtonpost: How sketching a dying father led Daniel Clowes to his quirky new film ""Wilson"" https://t.co/Nne8lrH8Sd","",,,,18,0,,,,,,"""2017-07-05T20:30:14.000Z""","""2017-07-05T20:30:14.000Z""",1326,""
156942,"gregorybayne","""2017-03-22T15:17:47.000Z""","photo","https://twitter.com/gregorybayne/status/844568797503643649","http://pbs.twimg.com/ext_tw_video_thumb/844567698692485120/pu/img/-owYVax-h1FUYSCP.jpg","twitter","844568797503643600","#6DynamicLaws • Exclusive Clip • Meet the Sisters Duffrey. https://t.co/8XR3b713Wv https://t.co/I6WsXW7Xob","6DynamicLaws",,,,0,1,,,,,,"""2017-07-05T20:30:14.000Z""","""2017-07-05T20:30:14.000Z""",1326,""
156943,"gregorybayne","""2017-03-22T03:59:31.000Z""","post","https://twitter.com/gregorybayne/status/844398105114087424","","twitter","844398105114087400","And, thank you lovely internet. 102 strong for #6DynamicLaws. Onward we go!","6DynamicLaws",,,,0,0,,,,,,"""2017-07-05T20:30:14.000Z""","""2017-07-05T20:30:14.000Z""",1326,""
156944,"gregorybayne","""2017-03-22T03:05:19.000Z""","post","https://twitter.com/gregorybayne/status/844384466629943296","","twitter","844384466629943300","Make that 1 backers shy of 100 strong...","",,,,0,0,,,,,,"""2017-07-05T20:30:14.000Z""","""2017-07-05T20:30:14.000Z""",1326,""
156945,"gregorybayne","""2017-03-22T03:00:30.000Z""","post","https://twitter.com/gregorybayne/status/844383253767208960","","twitter","844383253767209000","My new film #6DynamicLaws is 2 backers shy of 100 strong. I'd love to have you on board. It's a fun ride, promise. https://t.co/8XR3b713Wv","6DynamicLaws",,,,3,1,,,,,,"""2017-07-05T20:30:14.000Z""","""2017-07-05T20:30:14.000Z""",1326,""
156946,"gregorybayne","""2017-03-21T23:20:47.000Z""","post","https://twitter.com/gregorybayne/status/844327959452299264","","twitter","844327959452299300","Last June shooting #6dynamiclaws I'm sure explaining something very, very important. Photo cred… https://t.co/6f3sw2Z3Ls","6dynamiclaws",,,,0,0,,,,,,"""2017-07-05T20:30:14.000Z""","""2017-07-05T20:30:14.000Z""",1326,""
156947,"gregorybayne","""2017-03-21T23:13:34.000Z""","post","https://twitter.com/gregorybayne/status/844326144686010369","","twitter","844326144686010400","I can't tell you how excited I am to read the news again once this campaign is over.","",,,,0,0,,,,,,"""2017-07-05T20:30:14.000Z""","""2017-07-05T20:30:14.000Z""",1326,""
156948,"gregorybayne","""2017-03-21T15:09:13.000Z""","post","https://twitter.com/gregorybayne/status/844204254868914176","","twitter","844204254868914200","Very excited to be part of @filmfortfest with a special *free* work in progress screening of… https://t.co/Ncqm0uWAkw","",,,,1,1,,,,,,"""2017-07-05T20:30:14.000Z""","""2017-07-05T20:30:14.000Z""",1326,""
156949,"gregorybayne","""2017-03-21T14:50:56.000Z""","post","https://twitter.com/gregorybayne/status/844199654564622336","","twitter","844199654564622300","8 Backers away from 100 strong for #6DynamicLaws. TY! Also, just 9 days &amp; change until I stop posting about it ;) https://t.co/8XR3b713Wv","6DynamicLaws",,,,0,0,,,,,,"""2017-07-05T20:30:14.000Z""","""2017-07-05T20:30:14.000Z""",1326,""
156950,"gregorybayne","""2017-03-21T05:23:26.000Z""","post","https://twitter.com/gregorybayne/status/844056837766836224","","twitter","844056837766836200","Two of the kindest folks you'll ever make a film with: @LafleurJennifer &amp; @PartridgeRoss. #6DynamicLaws Whole video… https://t.co/wmVo8WHvuB","6DynamicLaws",,,,11,20,,,,,,"""2017-07-05T20:30:14.000Z""","""2017-07-05T20:30:14.000Z""",1326,""
156951,"gregorybayne","""2017-03-20T22:51:02.000Z""","post","https://twitter.com/gregorybayne/status/843958085530005504","","twitter","843958085530005500","Two of my favorite people, @saraannelynch &amp; Lisa King Hawkes in #6DynamicLaws as The Sisters Duffrey.… https://t.co/J4QxNGkETS","6DynamicLaws",,,,1,1,,,,,,"""2017-07-05T20:30:14.000Z""","""2017-07-05T20:30:14.000Z""",1326,""
156952,"gregorybayne","""2017-03-20T19:13:14.000Z""","post","https://twitter.com/gregorybayne/status/843903276030480384","","twitter","843903276030480400","Thank you, Carmen! https://t.co/64mpzi2xHf","",,,,0,0,,,,,,"""2017-07-05T20:30:14.000Z""","""2017-07-05T20:30:14.000Z""",1326,""
156953,"gregorybayne","""2017-03-20T18:36:46.000Z""","post","https://twitter.com/gregorybayne/status/843894098973011968","","twitter","843894098973012000","We're just 12 backers away from 100 strong for #6DynamicLaws! What does this mean? Click here, my friend: https://t.co/8XR3b713Wv","6DynamicLaws",,,,0,0,,,,,,"""2017-07-05T20:30:14.000Z""","""2017-07-05T20:30:14.000Z""",1326,""
156954,"gregorybayne","""2017-03-20T18:32:45.000Z""","post","https://twitter.com/gregorybayne/status/843893086073704449","","twitter","843893086073704400","#Boise! The lovely folks @filmfortfest are hosting a special work-in-progress screening of #6DynamicLaws! Join us! https://t.co/wfElP65Xuz","Boise,6DynamicLaws",,,,2,1,,,,,,"""2017-07-05T20:30:14.000Z""","""2017-07-05T20:30:14.000Z""",1326,""
156955,"gregorybayne","""2017-03-20T17:28:52.000Z""","post","https://twitter.com/gregorybayne/status/843877010552180736","","twitter","843877010552180700","The ease you feel when you only have $29,959 left to raise to complete/release your new film &amp; 10 days to do it in. https://t.co/8XR3b713Wv","",,,,0,0,,,,,,"""2017-07-05T20:30:14.000Z""","""2017-07-05T20:30:14.000Z""",1326,""
156956,"gregorybayne","""2017-03-20T13:48:16.000Z""","post","https://twitter.com/gregorybayne/status/843821496573218816","","twitter","843821496573218800","Love film noir? Enjoy a good screwball comedy? Why not have your cake &amp; eat it too with #6DynamicLaws. Learn more:… https://t.co/FFGzmFPLs2","6DynamicLaws",,,,0,0,,,,,,"""2017-07-05T20:30:14.000Z""","""2017-07-05T20:30:14.000Z""",1326,""
156957,"gregorybayne","""2017-03-20T03:18:25.000Z""","post","https://twitter.com/gregorybayne/status/843662988825436160","","twitter","843662988825436200","The look you get when you realize you have 10 days left to raise $30K to finish your film! PC-Lila Streicher.… https://t.co/hpAZf3sRle","",,,,1,2,,,,,,"""2017-07-05T20:30:14.000Z""","""2017-07-05T20:30:14.000Z""",1326,""
156958,"gregorybayne","""2017-03-19T21:04:17.000Z""","post","https://twitter.com/gregorybayne/status/843568833067544577","","twitter","843568833067544600","That one time talked @lafleurjennifer into shooting a movie in 100 degree heat in a (mostly?) polyester dress.… https://t.co/jCXtkOQxmE","",,,,6,22,,,,,,"""2017-07-05T20:30:14.000Z""","""2017-07-05T20:30:14.000Z""",1326,""
156959,"gregorybayne","""2017-03-18T16:55:44.000Z""","post","https://twitter.com/gregorybayne/status/843143895865212928","","twitter","843143895865212900","81 Backers strong &amp; 30% funded this morn for #6DynamicLaws! TY everyone! If you haven't yet, kindly click &amp; share &gt; https://t.co/8XR3b713Wv","6DynamicLaws",,,,0,0,,,,,,"""2017-07-05T20:30:14.000Z""","""2017-07-05T20:30:14.000Z""",1326,""
156960,"gregorybayne","""2017-03-17T23:38:42.000Z""","post","https://twitter.com/gregorybayne/status/842882919844593664","","twitter","842882919844593700","Tech run through. Going live in 30 mins, showing clips at 7! Esta at Club 511 #Ketchum… https://t.co/Ly8wRU9lEY","Ketchum",,,,0,0,,,,,,"""2017-07-05T20:30:14.000Z""","""2017-07-05T20:30:14.000Z""",1326,""
156961,"gregorybayne","""2017-03-17T19:28:26.000Z""","post","https://twitter.com/gregorybayne/status/842819938800738304","","twitter","842819938800738300","Thank you, Emma! https://t.co/tpu0DhqXmJ","",,,,0,0,,,,,,"""2017-07-05T20:30:14.000Z""","""2017-07-05T20:30:14.000Z""",1326,""
156962,"gregorybayne","""2017-03-17T18:56:20.000Z""","post","https://twitter.com/gregorybayne/status/842811858000076800","","twitter","842811858000076800","Wandering Ketchum w/ a blu-ray player on my back for a fundraiser tonight &amp; can't get the movie Ed Wood outta my head. #onlyalittlenervous","onlyalittlenervous",,,,0,4,,,,,,"""2017-07-05T20:30:14.000Z""","""2017-07-05T20:30:14.000Z""",1326,""
156963,"gregorybayne","""2017-03-17T17:13:17.000Z""","post","https://twitter.com/gregorybayne/status/842785924828209152","","twitter","842785924828209200","No rest here. Final prep for tonight's #fundraiser for #6dynamiclaws in #Ketchum. #filmmaking… https://t.co/4cQZc2XIlG","fundraiser,6dynamiclaws,Ketchum,filmmaking",,,,1,1,,,,,,"""2017-07-05T20:30:14.000Z""","""2017-07-05T20:30:14.000Z""",1326,""
156964,"gregorybayne","""2017-03-17T04:50:17.000Z""","post","https://twitter.com/gregorybayne/status/842598942126755840","","twitter","842598942126755800","RT @movieangel: Make it happen for @gregorybayne's new Project! Get on board &amp; become a backer, join me! https://t.co/0Hosc6njxj","",,,,1,0,,,,,,"""2017-07-05T20:30:14.000Z""","""2017-07-05T20:30:14.000Z""",1326,""
156965,"gregorybayne","""2017-03-17T02:23:18.000Z""","post","https://twitter.com/gregorybayne/status/842561955445461001","","twitter","842561955445461000","@milesmaker Goddamned right we are.","",,,,0,0,,,,,,"""2017-07-05T20:30:14.000Z""","""2017-07-05T20:30:14.000Z""",1326,""
156966,"gregorybayne","""2017-03-17T02:18:55.000Z""","post","https://twitter.com/gregorybayne/status/842560851156451328","","twitter","842560851156451300","@milesmaker It is. Search ""person of interest movie"" on YouTube. Seriously though. I know you know the struggle. Thank you.","",,,,0,0,,,,,,"""2017-07-05T20:30:14.000Z""","""2017-07-05T20:30:14.000Z""",1326,""
156967,"gregorybayne","""2017-03-17T02:13:26.000Z""","post","https://twitter.com/gregorybayne/status/842559470139916288","","twitter","842559470139916300","Man, thank you. That made my day. https://t.co/zRBW0Rm1H2","",,,,0,0,,,,,,"""2017-07-05T20:30:14.000Z""","""2017-07-05T20:30:14.000Z""",1326,""
156968,"gregorybayne","""2017-03-16T17:29:36.000Z""","post","https://twitter.com/gregorybayne/status/842427642137595905","","twitter","842427642137595900","You are too kind. Thank you! https://t.co/5iQX3tjlga","",,,,0,2,,,,,,"""2017-07-05T20:30:14.000Z""","""2017-07-05T20:30:14.000Z""",1326,""
156969,"gregorybayne","""2017-03-16T17:14:59.000Z""","post","https://twitter.com/gregorybayne/status/842423965423345664","","twitter","842423965423345700","""6 Dynamic Laws for Success (in Life, Love &amp; Money)"" - Exclusive Clip - ... https://t.co/VtqtgZHsqX via @YouTube","",,,,0,0,,,,,,"""2017-07-05T20:30:14.000Z""","""2017-07-05T20:30:14.000Z""",1326,""
156970,"gregorybayne","""2017-03-16T17:03:59.000Z""","post","https://twitter.com/gregorybayne/status/842421197673443328","","twitter","842421197673443300","""6 Dynamic Laws for Success (in Life, Love &amp; Money)"" - Behind the Scenes w/@Clockriders  https://t.co/qoi3U0weGb via @YouTube","",,,,1,3,,,,,,"""2017-07-05T20:30:14.000Z""","""2017-07-05T20:30:14.000Z""",1326,""
156971,"gregorybayne","""2017-03-16T17:02:29.000Z""","post","https://twitter.com/gregorybayne/status/842420821175885824","","twitter","842420821175885800","25 backers shy of an even 100 for #6DynamicLaws. Thank you! Who'll join in to help us reach that milestone today? https://t.co/8XR3b713Wv","6DynamicLaws",,,,0,1,,,,,,"""2017-07-05T20:30:14.000Z""","""2017-07-05T20:30:14.000Z""",1326,""
156972,"gregorybayne","""2017-03-16T16:38:01.000Z""","post","https://twitter.com/gregorybayne/status/842414662431907840","","twitter","842414662431907800","""6 Dynamic Laws for Success, (in Life, Love &amp; Money)"" - Interview with @RyanBayneMusic https://t.co/GvRkQ0J2ZS via @YouTube","",,,,0,0,,,,,,"""2017-07-05T20:30:14.000Z""","""2017-07-05T20:30:14.000Z""",1326,""
156973,"gregorybayne","""2017-03-16T16:20:11.000Z""","post","https://twitter.com/gregorybayne/status/842410174962782209","","twitter","842410174962782200","""6 Dynamic Laws for Success, (in Life, Love &amp; Money)"" - Kickstarter Trailer https://t.co/AO93xk8MAJ via @YouTube","",,,,0,0,,,,,,"""2017-07-05T20:30:14.000Z""","""2017-07-05T20:30:14.000Z""",1326,""
156974,"gregorybayne","""2017-03-16T15:57:47.000Z""","post","https://twitter.com/gregorybayne/status/842404536140484609","","twitter","842404536140484600","""6 Dynamic Laws for Success, In Life, Love &amp; Money"" - Ulysses's Bad Day https://t.co/EBPwpcdZhs via @YouTube","",,,,0,0,,,,,,"""2017-07-05T20:30:14.000Z""","""2017-07-05T20:30:14.000Z""",1326,""
156975,"gregorybayne","""2017-03-16T14:43:35.000Z""","post","https://twitter.com/gregorybayne/status/842385863556321280","","twitter","842385863556321300","The countdown continues. Thank you to all who are supporting, sharing, and joining us as we work… https://t.co/ZhspuvbamD","",,,,0,0,,,,,,"""2017-07-05T20:30:14.000Z""","""2017-07-05T20:30:14.000Z""",1326,""
156976,"gregorybayne","""2017-03-16T13:05:27.000Z""","post","https://twitter.com/gregorybayne/status/842361169591463936","","twitter","842361169591464000","Thank you, Marcella! Excited to share the film with you. https://t.co/NXrMQbCDPX","",,,,0,2,,,,,,"""2017-07-05T20:30:14.000Z""","""2017-07-05T20:30:14.000Z""",1326,""
156977,"gregorybayne","""2017-03-15T23:41:04.000Z""","post","https://twitter.com/gregorybayne/status/842158738089828355","","twitter","842158738089828400","Back in Sun Valley for the @SunValleyFilm where one year ago the ridiculously talented… https://t.co/cthQzifArD","",,,,0,2,,,,,,"""2017-07-05T20:30:14.000Z""","""2017-07-05T20:30:14.000Z""",1326,""
156978,"gregorybayne","""2017-03-15T23:15:10.000Z""","post","https://twitter.com/gregorybayne/status/842152222649536513","","twitter","842152222649536500","Just 4 kind backers shy of 75 strong for ""6 Dynamic Laws for Success"" A Noir Comedy #MadeInIdaho  https://t.co/xlat4QS6xJ","MadeInIdaho",,,,4,3,,,,,,"""2017-07-05T20:30:14.000Z""","""2017-07-05T20:30:14.000Z""",1326,""
156979,"gregorybayne","""2017-03-15T18:40:39.000Z""","post","https://twitter.com/gregorybayne/status/842083138188673025","","twitter","842083138188673000","""A contract to share stolen money?"" New clip from my noir comedy #6DynamicLaws featuring the dashing @PartridgeRoss… https://t.co/XZ5SkFmTdE","6DynamicLaws",,,,5,10,,,,,,"""2017-07-05T20:30:14.000Z""","""2017-07-05T20:30:14.000Z""",1326,""
156980,"gregorybayne","""2017-03-15T02:24:38.000Z""","post","https://twitter.com/gregorybayne/status/841837514054754304","","twitter","841837514054754300","I do not have Trump's tax returns for any year, but I do have a sweet movie that's just 4 backers shy of 75 strong. https://t.co/xlat4QS6xJ","",,,,0,2,,,,,,"""2017-07-05T20:30:14.000Z""","""2017-07-05T20:30:14.000Z""",1326,""
156981,"gregorybayne","""2017-03-14T20:25:11.000Z""","post","https://twitter.com/gregorybayne/status/841747054078574592","","twitter","841747054078574600",".ryanbaynemusic exporting final mixes for the #6dynamiclaws soundtrack. #filmmaking #noir… https://t.co/IyZKtHPVGz","6dynamiclaws,filmmaking,noir",,,,1,0,,,,,,"""2017-07-05T20:30:14.000Z""","""2017-07-05T20:30:14.000Z""",1326,""
156982,"gregorybayne","""2017-03-14T18:32:10.000Z""","post","https://twitter.com/gregorybayne/status/841718614415749121","","twitter","841718614415749100","The latest from our campaign to complete &amp; release #6DynamicLaws. https://t.co/bWIQsoC3fo","6DynamicLaws",,,,0,0,,,,,,"""2017-07-05T20:30:14.000Z""","""2017-07-05T20:30:14.000Z""",1326,""
156983,"gregorybayne","""2017-03-14T15:42:39.000Z""","post","https://twitter.com/gregorybayne/status/841675953721958400","","twitter","841675953721958400","@jburum @kickstarter Thanks for joining in Jason!","",,,,0,0,,,,,,"""2017-07-05T20:30:14.000Z""","""2017-07-05T20:30:14.000Z""",1326,""
156984,"gregorybayne","""2017-03-14T15:42:24.000Z""","post","https://twitter.com/gregorybayne/status/841675888685068288","","twitter","841675888685068300","RT @jburum: I want to see this film-I'm in. ""6 Dynamic Laws for Success"" A Noir Comedy by Gregory Bayne on @Kickstarter https://t.co/SDPDFl…","",,,,1,0,,,,,,"""2017-07-05T20:30:14.000Z""","""2017-07-05T20:30:14.000Z""",1326,""
156985,"gregorybayne","""2017-03-13T12:53:00.000Z""","post","https://twitter.com/gregorybayne/status/841270873403273224","","twitter","841270873403273200","Good morning my friends. Nearing halfway mark to complete/release my new film. 2 Asks: Please watch &amp; kindly share: https://t.co/f9fCD3J5QP","",,,,0,0,,,,,,"""2017-07-05T20:30:14.000Z""","""2017-07-05T20:30:14.000Z""",1326,""
156986,"gregorybayne","""2017-03-11T22:28:02.000Z""","post","https://twitter.com/gregorybayne/status/840690808877543424","","twitter","840690808877543400","“If you spend 10 thousand dollars or 10 million, movies are judged in the exact same way.” - @Clockriders… https://t.co/y6JDNiRkJK","",,,,0,1,,,,,,"""2017-07-05T20:30:14.000Z""","""2017-07-05T20:30:14.000Z""",1326,""
156987,"gregorybayne","""2017-03-09T02:58:58.000Z""","post","https://twitter.com/gregorybayne/status/839671825336422401","","twitter","839671825336422400","@tommybertin @LafleurJennifer Yeah, I love B&amp;W.","",,,,0,0,,,,,,"""2017-07-05T20:30:14.000Z""","""2017-07-05T20:30:14.000Z""",1326,""
156988,"gregorybayne","""2017-03-09T01:24:26.000Z""","post","https://twitter.com/gregorybayne/status/839648037253238784","","twitter","839648037253238800","@tommybertin @LafleurJennifer Thanks, brother.","",,,,0,0,,,,,,"""2017-07-05T20:30:14.000Z""","""2017-07-05T20:30:14.000Z""",1326,""
156989,"gregorybayne","""2017-03-09T00:11:17.000Z""","post","https://twitter.com/gregorybayne/status/839629626833944576","","twitter","839629626833944600","The ever stunning @LafleurJennifer in #6DynamicLaws. Can't TY enough for lending your immense talent to my zany fil… https://t.co/0x3kIBODby","6DynamicLaws",,,,7,12,,,,,,"""2017-07-05T20:30:14.000Z""","""2017-07-05T20:30:14.000Z""",1326,""
156990,"gregorybayne","""2017-03-08T17:15:23.000Z""","post","https://twitter.com/gregorybayne/status/839524961664393216","","twitter","839524961664393200","to be a solid human being, and I owe them everything.","",,,,0,0,,,,,,"""2017-07-05T20:30:14.000Z""","""2017-07-05T20:30:14.000Z""",1326,""
156991,"gregorybayne","""2017-03-08T17:15:12.000Z""","post","https://twitter.com/gregorybayne/status/839524918404358144","","twitter","839524918404358100","in the face of great adversity, abandonment, or worse, these women have consistently raised the bar for me as to what it means...","",,,,0,0,,,,,,"""2017-07-05T20:30:14.000Z""","""2017-07-05T20:30:14.000Z""",1326,""
156992,"gregorybayne","""2017-03-08T17:14:48.000Z""","post","https://twitter.com/gregorybayne/status/839524818110160896","","twitter","839524818110160900","When you get right down to it, it's the women in my life who've shown their metal over and over again. Steel-willed and stalwart, often...","",,,,0,0,,,,,,"""2017-07-05T20:30:14.000Z""","""2017-07-05T20:30:14.000Z""",1326,""
156993,"gregorybayne","""2017-03-08T14:50:25.000Z""","photo","https://twitter.com/gregorybayne/status/839488482959450112","http://pbs.twimg.com/media/C6QRv3ZUsAANzto.jpg","twitter","839488482959450100","RT @FargoFX: Never ignore the warning signs. #Fargo's all new story begins April 19 on @FXNetworks. https://t.co/LcoOKm2CVk","Fargo",,,,2037,0,,,,,,"""2017-07-05T20:30:14.000Z""","""2017-07-05T20:30:14.000Z""",1326,""
156994,"gregorybayne","""2017-03-07T16:58:56.000Z""","post","https://twitter.com/gregorybayne/status/839158434427629569","","twitter","839158434427629600","Thank you, @milesmaker! Sincerely appreciate your kind contribution toward #6DynamicLaws! Glad to have you on board.","6DynamicLaws",,,,0,0,,,,,,"""2017-07-05T20:30:14.000Z""","""2017-07-05T20:30:14.000Z""",1326,""
156995,"gregorybayne","""2017-03-07T16:21:27.000Z""","post","https://twitter.com/gregorybayne/status/839149003530895361","","twitter","839149003530895400","Nothing like finding old video of you shooting a western on a Digital Hi-8 camcorder. Here's to 20 yrs of collabora… https://t.co/nagNlHr2Ap","",,,,0,1,,,,,,"""2017-07-05T20:30:14.000Z""","""2017-07-05T20:30:14.000Z""",1326,""
156996,"gregorybayne","""2017-03-07T16:16:32.000Z""","post","https://twitter.com/gregorybayne/status/839147766735495168","","twitter","839147766735495200","Thank you, my friend! https://t.co/u6hh9QxD5T","",,,,0,1,,,,,,"""2017-07-05T20:30:14.000Z""","""2017-07-05T20:30:14.000Z""",1326,""
156997,"gregorybayne","""2017-03-07T14:47:11.000Z""","post","https://twitter.com/gregorybayne/status/839125279905742848","","twitter","839125279905742800","What the what!? @kingisafink is backing my new picture #6DynamicLaws! on @kickstarter! Thank you! Thank you! https://t.co/xlat4QS6xJ","6DynamicLaws",,,,0,0,,,,,,"""2017-07-05T20:30:14.000Z""","""2017-07-05T20:30:14.000Z""",1326,""
156998,"gregorybayne","""2017-03-06T20:29:44.000Z""","post","https://twitter.com/gregorybayne/status/838849096534241281","","twitter","838849096534241300","RT @brianbeutler: Democracy dies in herpderp.","",,,,13,0,,,,,,"""2017-07-05T20:30:14.000Z""","""2017-07-05T20:30:14.000Z""",1326,""
156999,"gregorybayne","""2017-03-06T18:22:30.000Z""","post","https://twitter.com/gregorybayne/status/838817076919726080","","twitter","838817076919726100","Thank you very much, you two! Appreciated. https://t.co/VHYsXMeSFl","",,,,0,0,,,,,,"""2017-07-05T20:30:14.000Z""","""2017-07-05T20:30:14.000Z""",1326,""
157000,"gregorybayne","""2017-03-06T14:05:26.000Z""","post","https://twitter.com/gregorybayne/status/838752384964689922","","twitter","838752384964689900","Interview with the composer on my new film #6DynamicLaws, my brother, @RyanBayneMusic https://t.co/wu1SU6d4iF  #indiefilm #indiemusic","6DynamicLaws,indiefilm,indiemusic",,,,0,0,,,,,,"""2017-07-05T20:30:14.000Z""","""2017-07-05T20:30:14.000Z""",1326,""
157001,"gregorybayne","""2017-03-05T14:52:23.000Z""","post","https://twitter.com/gregorybayne/status/838401812201758721","","twitter","838401812201758700","So when does America get to call a mulligan?","",,,,0,1,,,,,,"""2017-07-05T20:30:14.000Z""","""2017-07-05T20:30:14.000Z""",1326,""
157002,"gregorybayne","""2017-03-05T01:00:13.000Z""","post","https://twitter.com/gregorybayne/status/838192392171749376","","twitter","838192392171749400","Y'all are amazing. Just $25 from 10% funded to complete &amp; release my new film. Thank you. https://t.co/xlat4QS6xJ #filmmaking #idaho","filmmaking,idaho",,,,1,0,,,,,,"""2017-07-05T20:30:14.000Z""","""2017-07-05T20:30:14.000Z""",1326,""
157003,"gregorybayne","""2017-03-04T23:57:29.000Z""","post","https://twitter.com/gregorybayne/status/838176605272842240","","twitter","838176605272842200","Wow. https://t.co/sXBQ6ILCKb","",,,,0,0,,,,,,"""2017-07-05T20:30:14.000Z""","""2017-07-05T20:30:14.000Z""",1326,""
157004,"gregorybayne","""2017-03-04T23:19:15.000Z""","post","https://twitter.com/gregorybayne/status/838166982025334784","","twitter","838166982025334800","Best thing to happen on a Saturday. Finding Todd Rohal's brilliant &amp; lovely, ""The Guatemalan Handshake,"" on Vimeo. https://t.co/3zVau0dD4x","",,,,0,0,,,,,,"""2017-07-05T20:30:14.000Z""","""2017-07-05T20:30:14.000Z""",1326,""
157005,"gregorybayne","""2017-03-04T19:12:00.000Z""","post","https://twitter.com/gregorybayne/status/838104757843566592","","twitter","838104757843566600","In 1992 I watched this in a theater in Vancouver BC while attending VFS. Its visuals are still seared into my brain. https://t.co/SeVlGvJiSi","",,,,0,0,,,,,,"""2017-07-05T20:30:14.000Z""","""2017-07-05T20:30:14.000Z""",1326,""
157006,"gregorybayne","""2017-03-04T19:01:16.000Z""","post","https://twitter.com/gregorybayne/status/838102057840062464","","twitter","838102057840062500","Day 3. Our first update from #6DynamicLaws #Kickstarter #indiefilm #comedy #noir https://t.co/UfSRE46NKc","6DynamicLaws,Kickstarter,indiefilm,comedy,noir",,,,0,0,,,,,,"""2017-07-05T20:30:14.000Z""","""2017-07-05T20:30:14.000Z""",1326,""
157007,"gregorybayne","""2017-03-04T03:12:52.000Z""","post","https://twitter.com/gregorybayne/status/837863385366568961","","twitter","837863385366569000","@FollowingtheLT I am. Yes.","",,,,0,0,,,,,,"""2017-07-05T20:30:14.000Z""","""2017-07-05T20:30:14.000Z""",1326,""
157008,"gregorybayne","""2017-03-04T02:12:04.000Z""","post","https://twitter.com/gregorybayne/status/837848084381999104","","twitter","837848084381999100","@FollowingtheLT I self inflict that wound as well.","",,,,0,0,,,,,,"""2017-07-05T20:30:14.000Z""","""2017-07-05T20:30:14.000Z""",1326,""
157009,"gregorybayne","""2017-03-04T01:08:45.000Z""","post","https://twitter.com/gregorybayne/status/837832149587763200","","twitter","837832149587763200","Sometimes when I leave my home for an extended period of time, I hide hard drives in weird places around the house... and lose them.","",,,,0,1,,,,,,"""2017-07-05T20:30:14.000Z""","""2017-07-05T20:30:14.000Z""",1326,""
157010,"gregorybayne","""2017-03-03T22:23:07.000Z""","post","https://twitter.com/gregorybayne/status/837790467420893184","","twitter","837790467420893200","Thanks for backing #6DynamicLaws, @prevailingcity. Grateful to have my friends on board. Excited to share the picture with you.","6DynamicLaws",,,,0,0,,,,,,"""2017-07-05T20:30:14.000Z""","""2017-07-05T20:30:14.000Z""",1326,""
157011,"gregorybayne","""2017-03-03T20:53:27.000Z""","post","https://twitter.com/gregorybayne/status/837767901960531968","","twitter","837767901960532000","It was incredibly cool to see your name just pop up in my email, @tomcunningham. Thank you for being so kind &amp; backing #6DynamicLaws.","6DynamicLaws",,,,0,1,,,,,,"""2017-07-05T20:30:14.000Z""","""2017-07-05T20:30:14.000Z""",1326,""
157012,"gregorybayne","""2017-03-03T20:10:34.000Z""","post","https://twitter.com/gregorybayne/status/837757110158925824","","twitter","837757110158925800","Just day 2 of our campaign to complete &amp; release #6DynamicLaws and we're just $460 from 10% funded. Thank you all.","6DynamicLaws",,,,0,0,,,,,,"""2017-07-05T20:30:14.000Z""","""2017-07-05T20:30:14.000Z""",1326,""
157013,"gregorybayne","""2017-03-03T20:07:56.000Z""","post","https://twitter.com/gregorybayne/status/837756446611648513","","twitter","837756446611648500","Dynamic Law No. 1 - You Can't Get Something for Nothing. #6DynamicLaws","6DynamicLaws",,,,1,1,,,,,,"""2017-07-05T20:30:14.000Z""","""2017-07-05T20:30:14.000Z""",1326,""
157014,"gregorybayne","""2017-03-03T20:07:14.000Z""","post","https://twitter.com/gregorybayne/status/837756271935672320","","twitter","837756271935672300","Thank you @krisandlindy for being kind backers of #6DynamicLaws! So grateful to have you on board!","6DynamicLaws",,,,0,1,,,,,,"""2017-07-05T20:30:14.000Z""","""2017-07-05T20:30:14.000Z""",1326,""
157015,"gregorybayne","""2017-03-03T19:10:31.000Z""","post","https://twitter.com/gregorybayne/status/837741996093558785","","twitter","837741996093558800","Thank you to @PaulMakesMovies for backing #6DynamicLaws! You're a beautiful person, with impeccable taste. https://t.co/xlat4QS6xJ","6DynamicLaws",,,,1,0,,,,,,"""2017-07-05T20:30:14.000Z""","""2017-07-05T20:30:14.000Z""",1326,""
157016,"gregorybayne","""2017-03-03T18:43:04.000Z""","post","https://twitter.com/gregorybayne/status/837735091765850113","","twitter","837735091765850100","It's heartening when filmmakers you admire support your vision. Thank you @zakforsman for backing #6DynamicLaws. https://t.co/xlat4QS6xJ","6DynamicLaws",,,,1,3,,,,,,"""2017-07-05T20:30:14.000Z""","""2017-07-05T20:30:14.000Z""",1326,""
157017,"gregorybayne","""2017-03-03T16:57:44.000Z""","post","https://twitter.com/gregorybayne/status/837708583663894528","","twitter","837708583663894500","Eraserhead-What's Up Doc?-Bringing Up Baby-Down by Law-The Big Lebowski-The Man Who Wasn't There = my inspiration https://t.co/lM5LH51vAo","",,,,0,0,,,,,,"""2017-07-05T20:30:14.000Z""","""2017-07-05T20:30:14.000Z""",1326,""
157018,"gregorybayne","""2017-03-02T19:42:12.000Z""","post","https://twitter.com/gregorybayne/status/837387583256588289","","twitter","837387583256588300","My brother ryanbaynemusic performing his original song from ""6 Dynamic Laws for Success in Life,… https://t.co/h7r201w8ck","",,,,0,0,,,,,,"""2017-07-05T20:30:14.000Z""","""2017-07-05T20:30:14.000Z""",1326,""
157019,"gregorybayne","""2017-03-02T19:12:39.000Z""","post","https://twitter.com/gregorybayne/status/837380146944425984","","twitter","837380146944426000","Filming with ryanbaynemusic for a new mini-doc series on the talent behind my new picture ""6… https://t.co/u9pg56PJiY","",,,,0,1,,,,,,"""2017-07-05T20:30:14.000Z""","""2017-07-05T20:30:14.000Z""",1326,""
157020,"gregorybayne","""2017-03-02T00:54:01.000Z""","post","https://twitter.com/gregorybayne/status/837103665781469186","","twitter","837103665781469200","I love you, Mr. Hackett. https://t.co/BWIUeSelKh","",,,,0,0,,,,,,"""2017-07-05T20:30:14.000Z""","""2017-07-05T20:30:14.000Z""",1326,""