,post_id,handle,postDate,postType,gen_postType,postUrl,platform,message,twitter_comment,twitter_retweet,relevant_prediction,cta_prediction,sell_prediction,intent_prediction,comments,shares,likes,views,CampaignId,campaign_name,campaign_startDate,campaign_endDate,project_currency,project_staffPick,sub_category,project_url,project_backerCount,project_goal,project_pledgeAmount,Succeeded,image_URL
,12139,katenash,"""2017-04-05T15:08:34.000Z""",photo,image,https://twitter.com/katenash/status/849639908092239872,twitter,It me https://t.co/D1iIiCL9z3,,,0,0,0,5,NA,17,72,NA,19,Kate Nash,"""2017-04-04T00:00:00.000Z""","""2017-05-04T00:00:00.000Z""",USD,1,Pop,https://www.kickstarter.com/projects/919815019/kate-nash-is-making-a-record?ref=discovery,2642,70000,155412,1,http://pbs.twimg.com/media/C8qG-7pUMAEBf_p.jpg
,12147,katenash,"""2017-04-05T03:11:14.000Z""",photo,image,https://twitter.com/katenash/status/849459384488951808,twitter,Me on first day of kickstarter at 8.10 PM https://t.co/fZ9VjJ4DGS,,,1,0,0,1,NA,6,90,NA,19,Kate Nash,"""2017-04-04T00:00:00.000Z""","""2017-05-04T00:00:00.000Z""",USD,1,Pop,https://www.kickstarter.com/projects/919815019/kate-nash-is-making-a-record?ref=discovery,2642,70000,155412,1,http://pbs.twimg.com/media/C8niy71XsAAUr0Q.jpg
,12166,katenash,"""2017-04-04T21:29:38.000Z""",photo,image,https://twitter.com/katenash/status/849373417925210114,twitter,When I call https://t.co/TJmMWHy2vI,,,0,0,0,5,NA,5,63,NA,19,Kate Nash,"""2017-04-04T00:00:00.000Z""","""2017-05-04T00:00:00.000Z""",USD,1,Pop,https://www.kickstarter.com/projects/919815019/kate-nash-is-making-a-record?ref=discovery,2642,70000,155412,1,http://pbs.twimg.com/media/C8mUnHhXsAEh3l0.jpg
,12171,katenash,"""2017-04-04T21:27:39.000Z""",photo,image,https://twitter.com/katenash/status/849372921487339520,twitter,"RT @kickstarter: Just launched! ?  @katenash is making her fourth album, and you can help: https://t.co/UfSITqX1aN https://t.co/TQBzHX1viB",,,1,1,0,1,NA,29,0,NA,19,Kate Nash,"""2017-04-04T00:00:00.000Z""","""2017-05-04T00:00:00.000Z""",USD,1,Pop,https://www.kickstarter.com/projects/919815019/kate-nash-is-making-a-record?ref=discovery,2642,70000,155412,1,http://pbs.twimg.com/media/C8mGx0gXsAA2hJS.jpg
,12176,katenash,"""2017-04-04T19:58:06.000Z""",photo,image,https://twitter.com/katenash/status/849350383218642944,twitter,Just kidding I'm not ur uncle I'm ur mum https://t.co/QwaVtxdvCP,,,0,0,0,5,NA,2,58,NA,19,Kate Nash,"""2017-04-04T00:00:00.000Z""","""2017-05-04T00:00:00.000Z""",USD,1,Pop,https://www.kickstarter.com/projects/919815019/kate-nash-is-making-a-record?ref=discovery,2642,70000,155412,1,http://pbs.twimg.com/media/C8l_qorXsAYYSRZ.jpg
,12194,katenash,"""2017-04-04T17:55:24.000Z""",photo,image,https://twitter.com/katenash/status/849319505293606913,twitter,RT @JamesBOJJones: @katenash  https://t.co/nFa0lXFelO,,,0,0,0,5,NA,1,0,NA,19,Kate Nash,"""2017-04-04T00:00:00.000Z""","""2017-05-04T00:00:00.000Z""",USD,1,Pop,https://www.kickstarter.com/projects/919815019/kate-nash-is-making-a-record?ref=discovery,2642,70000,155412,1,http://pbs.twimg.com/media/C8lelDhWsAAX5T3.jpg
,12225,katenash,"""2017-04-04T16:35:27.000Z""",photo,image,https://twitter.com/katenash/status/849299386429526016,twitter,RT @JoBuckingham: @katenash YES https://t.co/Cp3zK6suAw,,,0,0,0,5,NA,1,0,NA,19,Kate Nash,"""2017-04-04T00:00:00.000Z""","""2017-05-04T00:00:00.000Z""",USD,1,Pop,https://www.kickstarter.com/projects/919815019/kate-nash-is-making-a-record?ref=discovery,2642,70000,155412,1,http://pbs.twimg.com/tweet_video_thumb/C8lRPxUW0Ac7SUx.jpg
,12280,katenash,"""2017-05-03T17:54:11.000Z""",photo,image,https://www.facebook.com/katenash/posts/10155256246313535,facebook,"These amazing jackets are available to buy on kickstarter!!! The crest is totally personal to me and mysterious and fun to figure out. Celtic inspired and with hidden messages about the new record. Girl Gang patch on the front, and you can customize where 'Kate Marie' is stitched on, to say your name/nickname/whatevs. Created by myself and the magical designs of Kelsey Hart, The Little Ghost. There are 16 left that come with limited edition PINK Made of Bricks Vinyl!!!! GO GET EM bit.ly/KateNashKS",,,1,0,1,4,21,9,203,NA,19,Kate Nash,"""2017-04-04T00:00:00.000Z""","""2017-05-04T00:00:00.000Z""",USD,1,Pop,https://www.kickstarter.com/projects/919815019/kate-nash-is-making-a-record?ref=discovery,2642,70000,155412,1,https://scontent.xx.fbcdn.net/v/t1.0-0/s130x130/18199017_10155256246253535_3493452892064118228_n.jpg?oh=c22639756a4f8a2e1a383ccb84785ef2&oe=59B2F94D
,12281,katenash,"""2017-05-03T17:48:18.000Z""",video,video,https://www.facebook.com/katenash/videos/10155256226413535/,facebook,LESS THAN 24 HRS TO GO ON KICKSTARTER!! GAHHHHHHH bit.ly/KateNashKS,,,1,0,1,1,8,11,322,NA,19,Kate Nash,"""2017-04-04T00:00:00.000Z""","""2017-05-04T00:00:00.000Z""",USD,1,Pop,https://www.kickstarter.com/projects/919815019/kate-nash-is-making-a-record?ref=discovery,2642,70000,155412,1,https://scontent.xx.fbcdn.net/v/t15.0-10/s130x130/18324108_10155256228713535_1966872061225730048_n.jpg?oh=ff0883d46f76737412f74c89ba1b384b&oe=597B37FA
,12282,katenash,"""2017-05-02T23:11:43.000Z""",photo,image,https://www.facebook.com/katenash/posts/10155254019553535,facebook,"My 4th album is totally sick you should def pre-order it. Shoutin it loud as we near the finish line, HELP FUND MY RECORD ON KICKSTARTER! Be my label, get exclusives, behind the scenes & updates that continue post-campaign! Kickstarter is an absolute game changer and with less than 6 hours to go, I have to say I am so happy I get to keep my creative control and stay independent. Such an honor to do this with you. Check out additional rewards, we have added lower and higher levels and some of the stuff that ran out. ILYSM\n\nhttp://bit.ly/KateNashKN",,,1,1,1,3,11,3,187,NA,19,Kate Nash,"""2017-04-04T00:00:00.000Z""","""2017-05-04T00:00:00.000Z""",USD,1,Pop,https://www.kickstarter.com/projects/919815019/kate-nash-is-making-a-record?ref=discovery,2642,70000,155412,1,https://scontent.xx.fbcdn.net/v/t1.0-0/p130x130/18198344_10155254018578535_2667787903306898707_n.jpg?oh=765533e69c6f99b774b00703e27295a7&oe=59C09FA6
,12283,katenash,"""2017-05-02T17:46:12.000Z""",video,video,https://www.facebook.com/katenash/posts/10155253232388535,facebook,My interview with UPROXX out now!! very pg lots of swearing #sopunkrock,,,0,0,0,5,40,0,1531,NA,19,Kate Nash,"""2017-04-04T00:00:00.000Z""","""2017-05-04T00:00:00.000Z""",USD,1,Pop,https://www.kickstarter.com/projects/919815019/kate-nash-is-making-a-record?ref=discovery,2642,70000,155412,1,https://scontent.xx.fbcdn.net/v/t15.0-10/p130x130/18279082_10155532342896337_319929854726242304_n.jpg?oh=ee96e4a50abf0c07b7244ace03f3b0ce&oe=5981541C
,12284,katenash,"""2017-05-02T12:17:01.000Z""",video,video,https://www.facebook.com/katenash/videos/10155252401393535/,facebook,"We're in the final 5 HOURS of MY KICKSTARTER CAMPAIGN!! It's been an incredible decision to ask my fans to be my record label, I feel so supported! If you haven't already, PRE-ORDER MY 4TH RECORD and other cool rewards now! Get exclusives and be part of this amazing journey. I am so grateful to those who already have. Now LET'S KILL IT in the last hours. Push it as far as we can so we can really MAKE MY 4TH RECORD A GLOBAL RELEASE! ????\n\nhttp://bit.ly/KateNashKS",,,1,1,1,4,21,21,439,NA,19,Kate Nash,"""2017-04-04T00:00:00.000Z""","""2017-05-04T00:00:00.000Z""",USD,1,Pop,https://www.kickstarter.com/projects/919815019/kate-nash-is-making-a-record?ref=discovery,2642,70000,155412,1,https://scontent.xx.fbcdn.net/v/t15.0-10/s130x130/18300646_10155252410188535_7205920087109271552_n.jpg?oh=7db79922db25d8e82a2719d65536d92e&oe=59BF821B
,12285,katenash,"""2017-05-01T21:47:18.000Z""",photo,image,https://www.facebook.com/katenash/posts/10155250859443535,facebook,The music video for Agenda is currently available to all my backers on Kickstarter!! Check your inbox or back me on kickstarter ???????? BTS PICS Kelsey Hart\n\nhttp://bit.ly/KateNashKS,,,1,0,1,4,4,5,166,NA,19,Kate Nash,"""2017-04-04T00:00:00.000Z""","""2017-05-04T00:00:00.000Z""",USD,1,Pop,https://www.kickstarter.com/projects/919815019/kate-nash-is-making-a-record?ref=discovery,2642,70000,155412,1,https://scontent.xx.fbcdn.net/v/t1.0-0/s130x130/18194037_10155250859323535_7427068157455620280_n.jpg?oh=6e1f13df942857ca809572036d2dc8d8&oe=5981EA42
,12286,katenash,"""2017-04-29T19:43:39.000Z""",photo,image,https://www.facebook.com/katenash/posts/10155244294288535,facebook,4 DAYS LEFT ON KICKSTARTER!! New levels have been added!! ????Very cool collector's opportunity to own this Vintage dress that I wore in the music video for 'Foundations' back in 2007! ????????????????????????????????????????????????????????????????????????\n\nhttp://bit.ly/KateNashKS,,,1,0,1,4,9,8,388,NA,19,Kate Nash,"""2017-04-04T00:00:00.000Z""","""2017-05-04T00:00:00.000Z""",USD,1,Pop,https://www.kickstarter.com/projects/919815019/kate-nash-is-making-a-record?ref=discovery,2642,70000,155412,1,https://scontent.xx.fbcdn.net/v/t1.0-0/p130x130/18221998_10155244294078535_5665100055569010370_n.jpg?oh=b37a2994cd6fe2d308749a9751615420&oe=59AFBBCE
,12287,katenash,"""2017-04-26T20:12:37.000Z""",photo,image,https://www.facebook.com/katenash/posts/10155235113198535,facebook,PINK VINYL GOALS!! ???? Ask & you shall receive!!! We'Ve added a LIMITED number of the reissue of MADE OF BRICKS on PINK VINYL to the kickstarter due to extremely high demand!!! We won't be adding more now so don't miss out!! They sold out in 2 hours last time. You have been pre warned!! Good luck!! Photo cred Charlotte Patmore bit.ly/KateNashKS,,,1,0,1,4,10,6,271,NA,19,Kate Nash,"""2017-04-04T00:00:00.000Z""","""2017-05-04T00:00:00.000Z""",USD,1,Pop,https://www.kickstarter.com/projects/919815019/kate-nash-is-making-a-record?ref=discovery,2642,70000,155412,1,https://scontent.xx.fbcdn.net/v/t1.0-0/s130x130/18058093_10155235111628535_4150180338861853799_n.jpg?oh=72c0b2255c09a17d15d152dc18590f32&oe=59BB5896
,12288,katenash,"""2017-04-26T11:33:46.000Z""",photo,image,https://www.facebook.com/katenash/posts/10155233817373535:0,facebook,These iconic tees AVAILABLE NOW on Kickstarter! $50 level Exclusive T Shirt Level bit.ly/KateNashKS,,,1,0,1,4,25,1,159,NA,19,Kate Nash,"""2017-04-04T00:00:00.000Z""","""2017-05-04T00:00:00.000Z""",USD,1,Pop,https://www.kickstarter.com/projects/919815019/kate-nash-is-making-a-record?ref=discovery,2642,70000,155412,1,https://scontent.xx.fbcdn.net/v/t1.0-0/p130x130/18118612_10155233817373535_1954343684618739936_n.jpg?oh=9ceeca1ab44b69d97798238e213cf26d&oe=5978FAA3
,12289,katenash,"""2017-04-26T00:20:53.000Z""",photo,image,https://www.facebook.com/katenash/posts/10155232672493535,facebook,"Read full update/blog on KICKSTARTER! \nhttp://bit.ly/KateNashKS \n\n""Last week I also re-issued Made of Bricks on PINK VINYL! OMGEEEE!! Sold out of it on kickstarter in 2 hours! And loads of you have been asking about it since, so we are doing what we can to see if we can get some more made up, so keep your eyes peeled and keep checking my twitter for news!! I also announced a second date at Shepherds Bush Empire!! We sold out of the first date so fast that we are celebrating with a second! Im so excited about that tour, I start rehearsing all the Made of Bricks stuff in a couple weeks. Gonna be filled with such nostalgia.\n\nWe also played a show at the Salisbury Art Centre last week, which is where Emma, in my band, grew up playing. We literally played a night with a bunch of kids, it was amazing, its so important to give back where you can and to stay engaged with the local community. Its so powerful. There was an aristocats performance and a dance group and a bunch of cool teen bands and there were the cutest little girls in the front row at the show who all wanna learn guitar now. We spent the weekend at Emmas place in the countryside and had piano singalongs and breakfast in the garden and watched zombie moves and stood in cow poop and saw stonehenge, spiritual times. Perfect location to land in for earth day!!""",,,1,0,1,4,1,1,94,NA,19,Kate Nash,"""2017-04-04T00:00:00.000Z""","""2017-05-04T00:00:00.000Z""",USD,1,Pop,https://www.kickstarter.com/projects/919815019/kate-nash-is-making-a-record?ref=discovery,2642,70000,155412,1,https://scontent.xx.fbcdn.net/v/t1.0-0/s130x130/18057793_10155232669903535_4697583390652561631_n.jpg?oh=082c57479a843d0f1e808a229cf8fa9c&oe=5974B872
,12290,katenash,"""2017-04-22T23:16:52.000Z""",photo,image,https://www.facebook.com/katenash/posts/10155222756883535,facebook,Record Store Day UK ????????????????????????????,,,0,0,0,5,6,5,265,NA,19,Kate Nash,"""2017-04-04T00:00:00.000Z""","""2017-05-04T00:00:00.000Z""",USD,1,Pop,https://www.kickstarter.com/projects/919815019/kate-nash-is-making-a-record?ref=discovery,2642,70000,155412,1,https://scontent.xx.fbcdn.net/v/t1.0-0/s130x130/18119000_10155222756148535_5576119225965851027_n.jpg?oh=4498ff6c845067fb19e60b91e8c31172&oe=59C15F34
,12291,katenash,"""2017-04-22T23:06:58.000Z""",video,video,https://www.facebook.com/katenash/videos/10155222723633535/,facebook,Celebrated Record Store Day with my girls Emma & Linda in Salisbury supporting Emma's local record shop ????????????,,,1,0,1,1,15,7,318,NA,19,Kate Nash,"""2017-04-04T00:00:00.000Z""","""2017-05-04T00:00:00.000Z""",USD,1,Pop,https://www.kickstarter.com/projects/919815019/kate-nash-is-making-a-record?ref=discovery,2642,70000,155412,1,https://scontent.xx.fbcdn.net/v/t15.0-10/s130x130/18115795_10155222728933535_9110745195351113728_n.jpg?oh=3996daff86ac76bb0562521cf85ad9a3&oe=5981567D
,12292,katenash,"""2017-04-21T09:22:16.000Z""",photo,image,https://www.facebook.com/katenash/posts/10155215670518535:0,facebook,LONDON!!! Did you miss out?! ADDED A SECOND LDN DATE for Made of Bricks Tour!! Belfast and Dublin added too!! BOOM Tickets Here: http://bit.ly/KateMOB,,,0,0,1,5,489,91,1196,NA,19,Kate Nash,"""2017-04-04T00:00:00.000Z""","""2017-05-04T00:00:00.000Z""",USD,1,Pop,https://www.kickstarter.com/projects/919815019/kate-nash-is-making-a-record?ref=discovery,2642,70000,155412,1,https://scontent.xx.fbcdn.net/v/t1.0-0/p130x130/17952812_10155215670518535_1781232075973904634_n.jpg?oh=70530db1b6dd2a73821ebe04614caf16&oe=597C7D35
,12293,katenash,"""2017-04-20T23:15:41.000Z""",video,video,https://www.facebook.com/katenash/videos/10155215671648535/,facebook,First vinyl I have released in 4 years is out & available to buy this Saturday 22nd to celebrate Record Store Day! So real!! Can't deaaaal !! ?????????? SOOOOOO HAPPY YAAAAAAY! Life!,,,0,1,0,5,23,5,447,NA,19,Kate Nash,"""2017-04-04T00:00:00.000Z""","""2017-05-04T00:00:00.000Z""",USD,1,Pop,https://www.kickstarter.com/projects/919815019/kate-nash-is-making-a-record?ref=discovery,2642,70000,155412,1,https://scontent.xx.fbcdn.net/v/t15.0-10/p130x130/18072322_10155215673688535_3158547927622746112_n.jpg?oh=58479e112606cadfdcc9e8f1a11172a0&oe=59B65429
,12294,katenash,"""2017-04-18T18:45:50.000Z""",photo,image,https://www.facebook.com/katenash/posts/10155208136408535:0,facebook,NEWS! Limited Edition REISSUE of Made of Bricks on PINK VINYL available to buy on Kickstarter NOW!!!!!!!!! ????????????????????#madeofbricks #katenash #kickstarter\nhttp://bit.ly/KateNashKS,,,1,0,1,4,228,65,1924,NA,19,Kate Nash,"""2017-04-04T00:00:00.000Z""","""2017-05-04T00:00:00.000Z""",USD,1,Pop,https://www.kickstarter.com/projects/919815019/kate-nash-is-making-a-record?ref=discovery,2642,70000,155412,1,https://scontent.xx.fbcdn.net/v/t1.0-0/s130x130/18010558_10155208136408535_8242563584338727584_n.png?oh=e8d68288902eb8be75dde2876dcc0756&oe=59BF9623
,12296,katenash,"""2017-04-17T01:07:38.000Z""",photo,image,https://www.facebook.com/katenash/posts/10155202528563535,facebook,What was ur Easter like? ??????????????????????????????????????????????,,,0,0,0,5,18,0,385,NA,19,Kate Nash,"""2017-04-04T00:00:00.000Z""","""2017-05-04T00:00:00.000Z""",USD,1,Pop,https://www.kickstarter.com/projects/919815019/kate-nash-is-making-a-record?ref=discovery,2642,70000,155412,1,https://scontent.xx.fbcdn.net/v/t1.0-0/s130x130/17990806_10155202527253535_3324236684013594883_n.jpg?oh=b1c07d7177a6bfef906f4b1f65a15df5&oe=59B6A814
,12297,katenash,"""2017-04-16T17:14:04.000Z""",photo,image,https://www.facebook.com/katenash/posts/10155201265088535,facebook,"WOW! I hit my kickstarter target!!! Thank you so much for supporting me so much already! \n\nFuck it, let's set a stretch goal! I now know I can release the record but let's see how far I can take this. Touring is so important to me, it would be amazing to be able to travel to as many places as possible with this record and to play this new music whilst staring into your sparkly and magical eyes!! \n\nSo my new goal is to get to 2,000 backers. If we get to 2,000 backers I will send an unreleased NEW SONG to my Kickstarter fam only. We're a family, and it's all about family, just like Fast and the Furious, my favourite franchise.\n\nThank you so much for your kindness and support from the bottom of my cold, dead heart <3\n\nhttp://bit.ly/KateNashKS",,,1,0,1,2,17,10,739,NA,19,Kate Nash,"""2017-04-04T00:00:00.000Z""","""2017-05-04T00:00:00.000Z""",USD,1,Pop,https://www.kickstarter.com/projects/919815019/kate-nash-is-making-a-record?ref=discovery,2642,70000,155412,1,https://scontent.xx.fbcdn.net/v/t1.0-0/s130x130/18010209_10155201247618535_7275884604911712825_n.jpg?oh=81eab06d2df56281970e7e41133e0655&oe=597EB939
,12298,katenash,"""2017-04-13T15:19:34.000Z""",photo,image,https://www.facebook.com/katenash/posts/10155189962573535,facebook,"I am live streaming from my Kickstarter tonight at \n2.00 AM UK time ????  6.00 PM LA ????  9.00 PM NY ???? \n#askmeanything Backers only Club\n\nhttps://www.kickstarter.com/projects/919815019/kate-nash-is-making-a-record\n\nAll photos by Charlotte Patmore, Styled by Ali Mandelkorn",,,1,0,1,1,6,7,474,NA,19,Kate Nash,"""2017-04-04T00:00:00.000Z""","""2017-05-04T00:00:00.000Z""",USD,1,Pop,https://www.kickstarter.com/projects/919815019/kate-nash-is-making-a-record?ref=discovery,2642,70000,155412,1,https://scontent.xx.fbcdn.net/v/t1.0-0/s130x130/17951672_10155189892988535_6960753181242865456_n.jpg?oh=efcfffe9b17c1cba73c6bc67cc553dfc&oe=59B9AF98
,12300,katenash,"""2017-04-06T19:19:21.000Z""",video,video,https://www.facebook.com/katenash/posts/10155164663158535,facebook,Thanks UNILAD!!!!!!!!! ????????????????????????????????,,,0,0,0,5,56,0,1558,NA,19,Kate Nash,"""2017-04-04T00:00:00.000Z""","""2017-05-04T00:00:00.000Z""",USD,1,Pop,https://www.kickstarter.com/projects/919815019/kate-nash-is-making-a-record?ref=discovery,2642,70000,155412,1,https://scontent.xx.fbcdn.net/v/t15.0-10/p130x130/17835422_442187432791571_464429893346656256_n.jpg?oh=c7b3d54c057548a298552fe1db9b2d03&oe=59B0D256
,12301,katenash,"""2017-04-05T19:08:58.000Z""",video,video,https://www.facebook.com/katenash/posts/10155160663098535,facebook,"Hi! \nYesterday I launched my Kickstarter. I have a 4th album that I am keen to finish and put out into the world. I decided that I want my fans to be my record label as I don't want to have to change my art and looks to fit into what record labels have seemed to want from me. To me, working w you is far more inspiring and real. YOU have continued to support me, allowed me to experiment and grow and I love you for that. From MySpace to here just makes sense. Thank you for showing up for me and all that you already do. If you want my fourth record please fund it and pre order the record and get special behind the scenes shit exclusive to those who pledge. I'm Buffy, you're mr. pointy...let's slay ! Lol\n\nhttp://bit.ly/KateNashKS",,,1,1,1,2,51,59,988,NA,19,Kate Nash,"""2017-04-04T00:00:00.000Z""","""2017-05-04T00:00:00.000Z""",USD,1,Pop,https://www.kickstarter.com/projects/919815019/kate-nash-is-making-a-record?ref=discovery,2642,70000,155412,1,https://external.xx.fbcdn.net/safe_image.php?d=AQCRxeeRRDHnoic_&w=130&h=130&url=https%3A%2F%2Fscontent.xx.fbcdn.net%2Ft45.1600-4%2F17508301_6064888028158_2986650404290297856_n.png&cfs=1&sx=102&sy=0&sw=360&sh=360&_nc_hash=AQAf3PBMqKX5fkhb
,12302,katenash,"""2017-04-04T21:09:16.000Z""",link,fb link,https://www.facebook.com/katenash/posts/10155157412678535,facebook,Thanks NYLON :* <3,,,0,0,0,5,0,9,118,NA,19,Kate Nash,"""2017-04-04T00:00:00.000Z""","""2017-05-04T00:00:00.000Z""",USD,1,Pop,https://www.kickstarter.com/projects/919815019/kate-nash-is-making-a-record?ref=discovery,2642,70000,155412,1,https://external.xx.fbcdn.net/safe_image.php?d=AQBYf9x0Sbht_EoT&w=130&h=130&url=https%3A%2F%2Fscontent.xx.fbcdn.net%2Ft45.1600-4%2F17268415_6065433341158_7898614371113238528_n.jpg&cfs=1&sx=418&sy=0&sw=900&sh=900&_nc_hash=AQAQiBrO7QTAA4HN
,12303,katenash,"""2017-04-04T16:09:48.000Z""",photo,image,https://www.facebook.com/katenash/posts/10155156598233535:0,facebook,Visit http://bit.ly/KateNashKS to help make my 4th album! \nPhoto by Charlotte Patmore <3,,,0,1,0,5,54,50,1440,NA,19,Kate Nash,"""2017-04-04T00:00:00.000Z""","""2017-05-04T00:00:00.000Z""",USD,1,Pop,https://www.kickstarter.com/projects/919815019/kate-nash-is-making-a-record?ref=discovery,2642,70000,155412,1,https://scontent.xx.fbcdn.net/v/t1.0-0/p130x130/17799098_10155156597443535_2136602968200818157_n.jpg?oh=14666d36222ecbbe6c770a6108fbfafa&oe=59B84D5C
,12304,katenash,"""2017-04-04T16:06:13.000Z""",photo,image,https://www.facebook.com/katenash/posts/10155156588588535,facebook,<3  http://bit.ly/KateNashKS  <3,,,0,0,0,5,14,18,268,NA,19,Kate Nash,"""2017-04-04T00:00:00.000Z""","""2017-05-04T00:00:00.000Z""",USD,1,Pop,https://www.kickstarter.com/projects/919815019/kate-nash-is-making-a-record?ref=discovery,2642,70000,155412,1,https://scontent.xx.fbcdn.net/v/t1.0-0/s130x130/17759975_10155156587133535_5769632631240172263_n.png?oh=517be0aee368220bc776e152dc088b8a&oe=5976D1A8
,14792,eagleislandgame,"""2017-05-08T14:48:34.000Z""",photo,image,https://www.facebook.com/eagleislandgame/posts/1126101464161256:0,facebook,"https://www.kickstarter.com/projects/pixelflip/eagle-island\n\nHave you backed Eagle Island yet? We're into the final week and the game will be funded if we keep up the same level of new backers.\n\nBy backing the game you can get a copy of the game, your name in the credits, yourself in the game as an ancient statue, get a copy of the beauitful soundtrack and even design monsters for the game!\n\nRemember, your won't be charged if Eagle Island doesn't hit it's funding goal. Regrettably, the game will be cancelled if it does not get funded.",,,1,1,1,4,2,17,6,NA,46,Eagle Island,"""2017-04-11T00:00:00.000Z""","""2017-05-15T00:00:00.000Z""",GBP,1,Video Games,https://www.kickstarter.com/projects/pixelflip/eagle-island?ref=discovery,1291,20000,25055,1,https://scontent.xx.fbcdn.net/v/t1.0-0/s130x130/18402640_1126101464161256_6911171364323651275_n.png?oh=4eae1a78093e2f4a6075771f6bca2efb&oe=59A1E727
,14794,eagleislandgame,"""2017-05-02T23:41:43.000Z""",video,video,https://www.facebook.com/eagleislandgame/posts/1119857808118955,facebook,,,,0,0,0,5,0,0,3,NA,46,Eagle Island,"""2017-04-11T00:00:00.000Z""","""2017-05-15T00:00:00.000Z""",GBP,1,Video Games,https://www.kickstarter.com/projects/pixelflip/eagle-island?ref=discovery,1291,20000,25055,1,https://external.xx.fbcdn.net/safe_image.php?d=AQCDLO-xJN3R2ePt&w=130&h=130&url=https%3A%2F%2Fi.ytimg.com%2Fvi%2FfPfziu685xk%2Fmaxresdefault.jpg&cfs=1&_nc_hash=AQAFSrGcctqbsap4
,14798,eagleislandgame,"""2017-04-12T12:00:00.000Z""",photo,image,https://www.facebook.com/eagleislandgame/posts/1099232863514783,facebook,,,,0,0,0,5,0,0,4,NA,46,Eagle Island,"""2017-04-11T00:00:00.000Z""","""2017-05-15T00:00:00.000Z""",GBP,1,Video Games,https://www.kickstarter.com/projects/pixelflip/eagle-island?ref=discovery,1291,20000,25055,1,https://scontent.xx.fbcdn.net/v/t1.0-0/s130x130/17904229_1099232796848123_2848027869182317900_n.jpg?oh=eb02551593d4b11291bf615dbf60ba34&oe=59A71113
,14799,eagleislandgame,"""2017-04-11T18:36:03.000Z""",video,video,https://www.facebook.com/eagleislandgame/videos/1098653226906080/,facebook,"Check out the Eagle Island trailer!\nIf you like it, consider backing on Kickstarter\nhttps://www.kickstarter.com/projects/pixelflip/eagle-island?ref=4q1920",,,1,1,0,1,0,6,11,NA,46,Eagle Island,"""2017-04-11T00:00:00.000Z""","""2017-05-15T00:00:00.000Z""",GBP,1,Video Games,https://www.kickstarter.com/projects/pixelflip/eagle-island?ref=discovery,1291,20000,25055,1,https://scontent.xx.fbcdn.net/v/t15.0-10/s130x130/17902392_1098654866905916_6559068304042885120_n.jpg?oh=cd9f22878587ec6972b302dd0fa8e3fd&oe=59BA18EB
,14800,eagleislandgame,"""2017-04-11T15:16:56.000Z""",link,fb link,https://www.facebook.com/eagleislandgame/posts/1098512113586858,facebook,Help Eagle Island reach its full potential by supporting on Kickstarter!,,,1,1,1,1,0,2,6,NA,46,Eagle Island,"""2017-04-11T00:00:00.000Z""","""2017-05-15T00:00:00.000Z""",GBP,1,Video Games,https://www.kickstarter.com/projects/pixelflip/eagle-island?ref=discovery,1291,20000,25055,1,https://external.xx.fbcdn.net/safe_image.php?d=AQDHT_c9KVaGarU3&w=130&h=130&url=https%3A%2F%2Fksr-ugc.imgix.net%2Fassets%2F011%2F247%2F434%2Fc7b54fd16c448bbc203b1ed664565d26_original.png%3Fw%3D1552%26h%3D873%26fit%3Dfill%26bg%3D5EDCF2%26v%3D1491830241%26auto%3Dformat%26q%3D92%26s%3Db97e35c8b2ac031a114efd1e58c58fdd&cfs=1&_nc_hash=AQDnxWeR3CX220PK
,14801,pixelnicks,"""2017-05-14T23:27:43.000Z""",photo,image,https://twitter.com/pixelnicks/status/863898649528377344,twitter,RT @pixelnicks: Don't forget the Eagle Island speedrun contest!\nhttps://t.co/Lnk0wU7Ni3\n#gamedev #pixelart #speedrun https://t.co/oKMjPXzYhK,,,1,0,0,1,NA,7,0,NA,46,Eagle Island,"""2017-04-11T00:00:00.000Z""","""2017-05-15T00:00:00.000Z""",GBP,1,Video Games,https://www.kickstarter.com/projects/pixelflip/eagle-island?ref=discovery,1291,20000,25055,1,http://pbs.twimg.com/tweet_video_thumb/C_x0vuGXkAACWfz.jpg
,14833,pixelnicks,"""2017-05-14T18:57:47.000Z""",photo,image,https://twitter.com/pixelnicks/status/863830719839207425,twitter,RT @pixelnicks: You can still enter the speedrun challenge!\nhttps://t.co/jeAAnRtaWG\n#gamedev #indiegame #speedrun https://t.co/xmqN22Swzu,,,0,0,0,5,NA,15,0,NA,46,Eagle Island,"""2017-04-11T00:00:00.000Z""","""2017-05-15T00:00:00.000Z""",GBP,1,Video Games,https://www.kickstarter.com/projects/pixelflip/eagle-island?ref=discovery,1291,20000,25055,1,http://pbs.twimg.com/tweet_video_thumb/C_ztdnbWAAUoUoc.jpg
,14834,pixelnicks,"""2017-05-14T18:40:51.000Z""",photo,image,https://twitter.com/pixelnicks/status/863826460628455424,twitter,You can still enter the speedrun challenge!\nhttps://t.co/jeAAnRtaWG\n#gamedev #indiegame #speedrun https://t.co/xmqN22Swzu,,,0,0,0,5,NA,15,11,NA,46,Eagle Island,"""2017-04-11T00:00:00.000Z""","""2017-05-15T00:00:00.000Z""",GBP,1,Video Games,https://www.kickstarter.com/projects/pixelflip/eagle-island?ref=discovery,1291,20000,25055,1,http://pbs.twimg.com/tweet_video_thumb/C_ztdnbWAAUoUoc.jpg
,14838,pixelnicks,"""2017-05-14T18:22:40.000Z""",photo,image,https://twitter.com/pixelnicks/status/863821882977595393,twitter,Still 29 hours to back #EagleIsland before it's too late!\nhttps://t.co/jeAAnRtaWG\n#gamedev #indiegame #pixelart https://t.co/yXQm4MgoD4,,,1,0,1,4,NA,10,12,NA,46,Eagle Island,"""2017-04-11T00:00:00.000Z""","""2017-05-15T00:00:00.000Z""",GBP,1,Video Games,https://www.kickstarter.com/projects/pixelflip/eagle-island?ref=discovery,1291,20000,25055,1,http://pbs.twimg.com/media/C_zpQ9gXsAQZyEy.jpg
,14865,pixelnicks,"""2017-05-14T09:53:16.000Z""",photo,image,https://twitter.com/pixelnicks/status/863693686907047940,twitter,Don't forget the Eagle Island speedrun contest!\nhttps://t.co/Lnk0wU7Ni3\n#gamedev #pixelart #speedrun https://t.co/oKMjPXzYhK,,,1,0,0,1,NA,7,12,NA,46,Eagle Island,"""2017-04-11T00:00:00.000Z""","""2017-05-15T00:00:00.000Z""",GBP,1,Video Games,https://www.kickstarter.com/projects/pixelflip/eagle-island?ref=discovery,1291,20000,25055,1,http://pbs.twimg.com/tweet_video_thumb/C_x0vuGXkAACWfz.jpg
,14917,pixelnicks,"""2017-05-14T00:53:04.000Z""",photo,image,https://twitter.com/pixelnicks/status/863557741473918977,twitter,RT @silverdragon113: @pixelnicks woooooooo! 1000! https://t.co/Anks2pVhz6,,,0,0,0,5,NA,5,0,NA,46,Eagle Island,"""2017-04-11T00:00:00.000Z""","""2017-05-15T00:00:00.000Z""",GBP,1,Video Games,https://www.kickstarter.com/projects/pixelflip/eagle-island?ref=discovery,1291,20000,25055,1,http://pbs.twimg.com/media/C_v4-WeUMAA3-XY.jpg
,14929,pixelnicks,"""2017-05-13T22:24:54.000Z""",photo,image,https://twitter.com/pixelnicks/status/863520453129908224,twitter,@ProjectMQ  https://t.co/1TIujqBFlr,,,0,0,0,5,NA,5,6,NA,46,Eagle Island,"""2017-04-11T00:00:00.000Z""","""2017-05-15T00:00:00.000Z""",GBP,1,Video Games,https://www.kickstarter.com/projects/pixelflip/eagle-island?ref=discovery,1291,20000,25055,1,http://pbs.twimg.com/tweet_video_thumb/C_vXQ7VXoAEtGOZ.jpg
,14930,pixelnicks,"""2017-05-13T22:14:58.000Z""",photo,image,https://twitter.com/pixelnicks/status/863517955367333888,twitter,@arthurlimao135  https://t.co/cLOLxY1mRs,,,0,0,0,5,NA,0,1,NA,46,Eagle Island,"""2017-04-11T00:00:00.000Z""","""2017-05-15T00:00:00.000Z""",GBP,1,Video Games,https://www.kickstarter.com/projects/pixelflip/eagle-island?ref=discovery,1291,20000,25055,1,http://pbs.twimg.com/tweet_video_thumb/C_vU_qLW0AAeylq.jpg
,14967,pixelnicks,"""2017-05-13T16:29:37.000Z""",photo,image,https://twitter.com/pixelnicks/status/863431044556611584,twitter,"@FINIFUGU Thanks Jai, massively appreciated! ???????? https://t.co/QlboihrZn8",,,0,0,0,5,NA,0,0,NA,46,Eagle Island,"""2017-04-11T00:00:00.000Z""","""2017-05-15T00:00:00.000Z""",GBP,1,Video Games,https://www.kickstarter.com/projects/pixelflip/eagle-island?ref=discovery,1291,20000,25055,1,http://pbs.twimg.com/tweet_video_thumb/C_uF81MXgAECSqO.jpg
,14978,pixelnicks,"""2017-05-13T15:17:14.000Z""",photo,image,https://twitter.com/pixelnicks/status/863412828178456580,twitter,"@Awkward_Artist_ @kickstarter Amazing support, thanks Joel! https://t.co/ME9NlmT4hG",,,1,0,1,2,NA,0,1,NA,46,Eagle Island,"""2017-04-11T00:00:00.000Z""","""2017-05-15T00:00:00.000Z""",GBP,1,Video Games,https://www.kickstarter.com/projects/pixelflip/eagle-island?ref=discovery,1291,20000,25055,1,http://pbs.twimg.com/tweet_video_thumb/C_t1YemXYAAgsY4.jpg
,14983,pixelnicks,"""2017-05-13T13:25:58.000Z""",photo,image,https://twitter.com/pixelnicks/status/863384827571130368,twitter,@master_gig @kickstarter Thanks man! https://t.co/mAGSiHLUFs,,,1,0,0,2,NA,0,2,NA,46,Eagle Island,"""2017-04-11T00:00:00.000Z""","""2017-05-15T00:00:00.000Z""",GBP,1,Video Games,https://www.kickstarter.com/projects/pixelflip/eagle-island?ref=discovery,1291,20000,25055,1,http://pbs.twimg.com/tweet_video_thumb/C_tb6fUWAAAo9HK.jpg
,14986,pixelnicks,"""2017-05-13T13:17:39.000Z""",photo,image,https://twitter.com/pixelnicks/status/863382733833334785,twitter,"@FTCR 5 seconds in and I have no idea what I'm watching, but I think I'm enjoying it! https://t.co/OOBfEoU1fo",,,0,0,0,5,NA,2,3,NA,46,Eagle Island,"""2017-04-11T00:00:00.000Z""","""2017-05-15T00:00:00.000Z""",GBP,1,Video Games,https://www.kickstarter.com/projects/pixelflip/eagle-island?ref=discovery,1291,20000,25055,1,http://pbs.twimg.com/tweet_video_thumb/C_taAurXoAAqaCC.jpg
,14988,pixelnicks,"""2017-05-13T13:16:46.000Z""",photo,image,https://twitter.com/pixelnicks/status/863382513003134977,twitter,"@FlipTheBacon Thanks for the continued support, Flip! https://t.co/oGOpAkjXhq",,,1,0,1,2,NA,0,0,NA,46,Eagle Island,"""2017-04-11T00:00:00.000Z""","""2017-05-15T00:00:00.000Z""",GBP,1,Video Games,https://www.kickstarter.com/projects/pixelflip/eagle-island?ref=discovery,1291,20000,25055,1,http://pbs.twimg.com/tweet_video_thumb/C_tZz5NXgAE0FK_.jpg
,14990,pixelnicks,"""2017-05-13T13:16:00.000Z""",photo,image,https://twitter.com/pixelnicks/status/863382318085541889,twitter,"@joshgilbert11 Thanks so much, Josh! Massive appreciation! https://t.co/ajOw1AS7Y1",,,0,0,0,5,NA,0,0,NA,46,Eagle Island,"""2017-04-11T00:00:00.000Z""","""2017-05-15T00:00:00.000Z""",GBP,1,Video Games,https://www.kickstarter.com/projects/pixelflip/eagle-island?ref=discovery,1291,20000,25055,1,http://pbs.twimg.com/tweet_video_thumb/C_tZokeWsAA7JzY.jpg
,14992,pixelnicks,"""2017-05-13T13:15:19.000Z""",photo,image,https://twitter.com/pixelnicks/status/863382149411610624,twitter,"@bowlingotter @kickstarter Thanks so much, Matt! https://t.co/o8tOvH3nKK",,,1,0,0,2,NA,0,1,NA,46,Eagle Island,"""2017-04-11T00:00:00.000Z""","""2017-05-15T00:00:00.000Z""",GBP,1,Video Games,https://www.kickstarter.com/projects/pixelflip/eagle-island?ref=discovery,1291,20000,25055,1,http://pbs.twimg.com/tweet_video_thumb/C_tZenoXoAA4nv3.jpg
,14995,pixelnicks,"""2017-05-13T13:14:18.000Z""",photo,image,https://twitter.com/pixelnicks/status/863381890706919424,twitter,@mrcabalery  https://t.co/Dd4FAayZCN,,,0,0,0,5,NA,0,1,NA,46,Eagle Island,"""2017-04-11T00:00:00.000Z""","""2017-05-15T00:00:00.000Z""",GBP,1,Video Games,https://www.kickstarter.com/projects/pixelflip/eagle-island?ref=discovery,1291,20000,25055,1,http://pbs.twimg.com/tweet_video_thumb/C_tZPcXWAAEtfvb.jpg
,14997,pixelnicks,"""2017-05-13T13:13:58.000Z""",photo,image,https://twitter.com/pixelnicks/status/863381808146198529,twitter,"@Jimbo_Designs @kickstarter Thanks so much, James! https://t.co/xJ0OjAtzVD",,,1,0,0,2,NA,0,1,NA,46,Eagle Island,"""2017-04-11T00:00:00.000Z""","""2017-05-15T00:00:00.000Z""",GBP,1,Video Games,https://www.kickstarter.com/projects/pixelflip/eagle-island?ref=discovery,1291,20000,25055,1,http://pbs.twimg.com/tweet_video_thumb/C_tZKRuXUAERYl_.jpg
,14999,pixelnicks,"""2017-05-13T13:13:03.000Z""",photo,image,https://twitter.com/pixelnicks/status/863381575446274049,twitter,@Kluddan1 @HollyConrad Thanks so much! The game is my life and I love it like my own child ???? https://t.co/SJe7yin051,,,0,0,0,5,NA,0,0,NA,46,Eagle Island,"""2017-04-11T00:00:00.000Z""","""2017-05-15T00:00:00.000Z""",GBP,1,Video Games,https://www.kickstarter.com/projects/pixelflip/eagle-island?ref=discovery,1291,20000,25055,1,http://pbs.twimg.com/tweet_video_thumb/C_tY9XNWsAAZUT4.jpg
,15001,pixelnicks,"""2017-05-13T13:08:01.000Z""",photo,image,https://twitter.com/pixelnicks/status/863380312100884480,twitter,@Bennjoon  https://t.co/Tt2y5NZbsl,,,0,0,0,5,NA,1,1,NA,46,Eagle Island,"""2017-04-11T00:00:00.000Z""","""2017-05-15T00:00:00.000Z""",GBP,1,Video Games,https://www.kickstarter.com/projects/pixelflip/eagle-island?ref=discovery,1291,20000,25055,1,http://pbs.twimg.com/tweet_video_thumb/C_tXzt3XYAATwLA.jpg
,15072,pixelnicks,"""2017-05-12T19:03:01.000Z""",photo,image,https://twitter.com/pixelnicks/status/863107262071570433,twitter,RT @pixelnicks: Live stream Q&amp;A on #EagleIsland tonight! Come and join us :) link to follow https://t.co/wJeIrzj4XA,,,1,0,0,1,NA,7,0,NA,46,Eagle Island,"""2017-04-11T00:00:00.000Z""","""2017-05-15T00:00:00.000Z""",GBP,1,Video Games,https://www.kickstarter.com/projects/pixelflip/eagle-island?ref=discovery,1291,20000,25055,1,http://pbs.twimg.com/media/C_pQtrCXgAAel6T.jpg
,15075,pixelnicks,"""2017-05-12T18:53:35.000Z""",photo,image,https://twitter.com/pixelnicks/status/863104888112373760,twitter,RT @pixelnicks: Ancient ruins to explore in #EagleIsland!\nKickstarter: https://t.co/jeAAnRtaWG\n#gamedev #pixelart https://t.co/hQSuXqN6RC,,,1,0,0,1,NA,12,0,NA,46,Eagle Island,"""2017-04-11T00:00:00.000Z""","""2017-05-15T00:00:00.000Z""",GBP,1,Video Games,https://www.kickstarter.com/projects/pixelflip/eagle-island?ref=discovery,1291,20000,25055,1,http://pbs.twimg.com/tweet_video_thumb/C_lc9XmXUAAaRud.jpg
,15081,pixelnicks,"""2017-05-12T18:37:38.000Z""",photo,image,https://twitter.com/pixelnicks/status/863100873223876608,twitter,@arthurlimao135 Say Arthur referred you and you have the chance to design one of the game's monsters! https://t.co/KH4WG0VPD2,,,0,0,0,5,NA,0,1,NA,46,Eagle Island,"""2017-04-11T00:00:00.000Z""","""2017-05-15T00:00:00.000Z""",GBP,1,Video Games,https://www.kickstarter.com/projects/pixelflip/eagle-island?ref=discovery,1291,20000,25055,1,http://pbs.twimg.com/tweet_video_thumb/C_pZorFW0AAnZZj.jpg
,15083,pixelnicks,"""2017-05-12T18:34:32.000Z""",photo,image,https://twitter.com/pixelnicks/status/863100093838262273,twitter,@RkiddSound  https://t.co/d9QZxlTm5W,,,0,0,0,5,NA,0,0,NA,46,Eagle Island,"""2017-04-11T00:00:00.000Z""","""2017-05-15T00:00:00.000Z""",GBP,1,Video Games,https://www.kickstarter.com/projects/pixelflip/eagle-island?ref=discovery,1291,20000,25055,1,http://pbs.twimg.com/tweet_video_thumb/C_pY82pXoAEGhaf.jpg
,15096,pixelnicks,"""2017-05-12T17:36:02.000Z""",photo,image,https://twitter.com/pixelnicks/status/863085372435255296,twitter,@Kelly_hengels We're on track ???? https://t.co/suWb5ZthfH,,,0,0,0,5,NA,0,1,NA,46,Eagle Island,"""2017-04-11T00:00:00.000Z""","""2017-05-15T00:00:00.000Z""",GBP,1,Video Games,https://www.kickstarter.com/projects/pixelflip/eagle-island?ref=discovery,1291,20000,25055,1,http://pbs.twimg.com/media/C_pLijYXoAAyaPH.jpg
,15098,pixelnicks,"""2017-05-12T17:28:33.000Z""",photo,image,https://twitter.com/pixelnicks/status/863083488773386241,twitter,@BigNiko1985 We're on track ???? https://t.co/n2CoD4a5WK,,,0,0,0,5,NA,0,0,NA,46,Eagle Island,"""2017-04-11T00:00:00.000Z""","""2017-05-15T00:00:00.000Z""",GBP,1,Video Games,https://www.kickstarter.com/projects/pixelflip/eagle-island?ref=discovery,1291,20000,25055,1,http://pbs.twimg.com/media/C_pJ2JnXkAApFij.jpg
,15112,pixelnicks,"""2017-05-12T14:53:51.000Z""",photo,image,https://twitter.com/pixelnicks/status/863044556102807552,twitter,"RT @cr_valkyrie: It's down to the final days, help nicks dream become a reality!! Support! https://t.co/2Bi1kXpSN7 https://t.co/2y2RQ7fL4Q",,,1,1,1,4,NA,2,0,NA,46,Eagle Island,"""2017-04-11T00:00:00.000Z""","""2017-05-15T00:00:00.000Z""",GBP,1,Video Games,https://www.kickstarter.com/projects/pixelflip/eagle-island?ref=discovery,1291,20000,25055,1,http://pbs.twimg.com/media/C_mPeR1UMAEUKHf.jpg
,15132,pixelnicks,"""2017-05-12T10:58:55.000Z""",photo,image,https://twitter.com/pixelnicks/status/862985431880790016,twitter,"85% funded, 142 backers to go...\nBe a backer: https://t.co/jeAAnRtaWG\n#gamedev #pixelart https://t.co/bG7BoRgNPK",,,1,0,1,4,NA,27,36,NA,46,Eagle Island,"""2017-04-11T00:00:00.000Z""","""2017-05-15T00:00:00.000Z""",GBP,1,Video Games,https://www.kickstarter.com/projects/pixelflip/eagle-island?ref=discovery,1291,20000,25055,1,http://pbs.twimg.com/tweet_video_thumb/C_nwkupXkAAmo5i.jpg
,15150,pixelnicks,"""2017-05-12T08:25:10.000Z""",photo,image,https://twitter.com/pixelnicks/status/862946742077202433,twitter,Woke up to see #EagleIsland had a strong night of backing! On track for success!\nhttps://t.co/jeAAnRtaWG https://t.co/Oi5l0zPuAe,,,1,0,0,1,NA,13,59,NA,46,Eagle Island,"""2017-04-11T00:00:00.000Z""","""2017-05-15T00:00:00.000Z""",GBP,1,Video Games,https://www.kickstarter.com/projects/pixelflip/eagle-island?ref=discovery,1291,20000,25055,1,http://pbs.twimg.com/media/C_nNRaAXUAArwfV.jpg
,15165,pixelnicks,"""2017-05-12T01:15:01.000Z""",photo,image,https://twitter.com/pixelnicks/status/862838489532035073,twitter,Ancient ruins to explore in #EagleIsland!\nKickstarter: https://t.co/jeAAnRtaWG\n#gamedev #pixelart https://t.co/hQSuXqN6RC,,,1,0,0,1,NA,12,20,NA,46,Eagle Island,"""2017-04-11T00:00:00.000Z""","""2017-05-15T00:00:00.000Z""",GBP,1,Video Games,https://www.kickstarter.com/projects/pixelflip/eagle-island?ref=discovery,1291,20000,25055,1,http://pbs.twimg.com/tweet_video_thumb/C_lc9XmXUAAaRud.jpg
,15170,pixelnicks,"""2017-05-11T23:51:39.000Z""",photo,image,https://twitter.com/pixelnicks/status/862817510697172992,twitter,Or this... https://t.co/x3UqR870Dm,,,0,0,0,5,NA,2,10,NA,46,Eagle Island,"""2017-04-11T00:00:00.000Z""","""2017-05-15T00:00:00.000Z""",GBP,1,Video Games,https://www.kickstarter.com/projects/pixelflip/eagle-island?ref=discovery,1291,20000,25055,1,http://pbs.twimg.com/tweet_video_thumb/C_lXyb0XoAAA-Vp.jpg
,15173,pixelnicks,"""2017-05-11T23:06:59.000Z""",photo,image,https://twitter.com/pixelnicks/status/862806271552106503,twitter,RT @Geekorama_Team: I dream about this game on #Nintendo #Switch - #EagleIsland by @pixelnicks ~ &lt;3 https://t.co/58YDyTm1mK,,,1,0,0,1,NA,8,0,NA,46,Eagle Island,"""2017-04-11T00:00:00.000Z""","""2017-05-15T00:00:00.000Z""",GBP,1,Video Games,https://www.kickstarter.com/projects/pixelflip/eagle-island?ref=discovery,1291,20000,25055,1,http://pbs.twimg.com/media/C_lM2MsXkA0c5nu.jpg
,15174,pixelnicks,"""2017-05-11T22:48:47.000Z""",photo,image,https://twitter.com/pixelnicks/status/862801687794384896,twitter,@adrianmg  https://t.co/uyScaXI41P,,,0,0,0,5,NA,0,1,NA,46,Eagle Island,"""2017-04-11T00:00:00.000Z""","""2017-05-15T00:00:00.000Z""",GBP,1,Video Games,https://www.kickstarter.com/projects/pixelflip/eagle-island?ref=discovery,1291,20000,25055,1,http://pbs.twimg.com/tweet_video_thumb/C_lJjbIXkAAMdZy.jpg
,15175,pixelnicks,"""2017-05-11T22:41:37.000Z""",photo,image,https://twitter.com/pixelnicks/status/862799884948295681,twitter,"@PixelMetal Yep, just trying to get some variety in. This is Totem Zephara! https://t.co/UX3mruvgY8",,,0,0,0,5,NA,0,3,NA,46,Eagle Island,"""2017-04-11T00:00:00.000Z""","""2017-05-15T00:00:00.000Z""",GBP,1,Video Games,https://www.kickstarter.com/projects/pixelflip/eagle-island?ref=discovery,1291,20000,25055,1,http://pbs.twimg.com/media/C_lH5q2W0AE3b8O.jpg
,15190,pixelnicks,"""2017-05-11T21:48:36.000Z""",photo,image,https://twitter.com/pixelnicks/status/862786545308356608,twitter,Let's smash #EagleIsland's Kickstarter through the roof!\nhttps://t.co/jeAAnRtaWG\n#gamedev #kickstarter https://t.co/kPyLsAH7HV,,,1,0,0,1,NA,9,21,NA,46,Eagle Island,"""2017-04-11T00:00:00.000Z""","""2017-05-15T00:00:00.000Z""",GBP,1,Video Games,https://www.kickstarter.com/projects/pixelflip/eagle-island?ref=discovery,1291,20000,25055,1,http://pbs.twimg.com/media/C_k7v67WAAIAa5-.jpg
,15231,pixelnicks,"""2017-05-11T17:38:21.000Z""",photo,image,https://twitter.com/pixelnicks/status/862723564478353408,twitter,Someone's got to defend #EagleIsland from Armaura!\nKickstarter: https://t.co/jeAAnRtaWG\n#gamedev #indiegame https://t.co/QMo5CQBUg8,,,1,0,0,1,NA,13,13,NA,46,Eagle Island,"""2017-04-11T00:00:00.000Z""","""2017-05-15T00:00:00.000Z""",GBP,1,Video Games,https://www.kickstarter.com/projects/pixelflip/eagle-island?ref=discovery,1291,20000,25055,1,http://pbs.twimg.com/media/C_kCVQ2XcAAjcl7.jpg
,15240,pixelnicks,"""2017-05-11T14:39:59.000Z""",photo,image,https://twitter.com/pixelnicks/status/862678678685331456,twitter,@ProjectMQ  https://t.co/qR1EtNyNi3,,,0,0,0,5,NA,3,3,NA,46,Eagle Island,"""2017-04-11T00:00:00.000Z""","""2017-05-15T00:00:00.000Z""",GBP,1,Video Games,https://www.kickstarter.com/projects/pixelflip/eagle-island?ref=discovery,1291,20000,25055,1,http://pbs.twimg.com/tweet_video_thumb/C_jZrP6WsAAXhVt.jpg
,15258,pixelnicks,"""2017-05-11T09:41:27.000Z""",photo,image,https://twitter.com/pixelnicks/status/862603551918485504,twitter,@dakotathemoose @blinkok @Indie_Kickstart  https://t.co/V8nOSiuC3z,,,0,0,0,5,NA,0,3,NA,46,Eagle Island,"""2017-04-11T00:00:00.000Z""","""2017-05-15T00:00:00.000Z""",GBP,1,Video Games,https://www.kickstarter.com/projects/pixelflip/eagle-island?ref=discovery,1291,20000,25055,1,http://pbs.twimg.com/tweet_video_thumb/C_iVWnfXUAARMGj.jpg
,15265,pixelnicks,"""2017-05-11T08:56:07.000Z""",photo,image,https://twitter.com/pixelnicks/status/862592141184425985,twitter,@1LeggedSeagull @kickstarter  https://t.co/ns4hrS7Vms,,,1,0,0,1,NA,0,2,NA,46,Eagle Island,"""2017-04-11T00:00:00.000Z""","""2017-05-15T00:00:00.000Z""",GBP,1,Video Games,https://www.kickstarter.com/projects/pixelflip/eagle-island?ref=discovery,1291,20000,25055,1,http://pbs.twimg.com/tweet_video_thumb/C_iK-KRWsAAAE4P.jpg
,15272,pixelnicks,"""2017-05-11T05:15:01.000Z""",photo,image,https://twitter.com/pixelnicks/status/862536499258159104,twitter,"Remember, you could design a monster for #EagleIsland!\nKickstarter: https://t.co/jeAAnRtaWG\n#gamedev #indiegame https://t.co/aH7KNcyFRD",,,1,0,0,1,NA,12,16,NA,46,Eagle Island,"""2017-04-11T00:00:00.000Z""","""2017-05-15T00:00:00.000Z""",GBP,1,Video Games,https://www.kickstarter.com/projects/pixelflip/eagle-island?ref=discovery,1291,20000,25055,1,http://pbs.twimg.com/tweet_video_thumb/C_gPOVAW0AA4IfE.jpg
,15297,pixelnicks,"""2017-05-10T20:44:03.000Z""",photo,image,https://twitter.com/pixelnicks/status/862407909338120194,twitter,Could #EagleIsland be the closest win/loss ever?\nhttps://t.co/jeAAnRtaWG\n#gamedev #kickstarter https://t.co/U3P9EP50WQ,,,1,0,0,1,NA,8,9,NA,46,Eagle Island,"""2017-04-11T00:00:00.000Z""","""2017-05-15T00:00:00.000Z""",GBP,1,Video Games,https://www.kickstarter.com/projects/pixelflip/eagle-island?ref=discovery,1291,20000,25055,1,http://pbs.twimg.com/media/C_fjVEQXoAAAkTG.jpg
,15307,pixelnicks,"""2017-05-10T19:15:45.000Z""",photo,image,https://twitter.com/pixelnicks/status/862385690675425281,twitter,382 more backers until 100% funded!\n#EagleIsland #procedural #metroidvania #roguelike\nDemo: https://t.co/jeAAnRtaWG https://t.co/MGgVBRA91H,,,1,0,1,4,NA,23,37,NA,46,Eagle Island,"""2017-04-11T00:00:00.000Z""","""2017-05-15T00:00:00.000Z""",GBP,1,Video Games,https://www.kickstarter.com/projects/pixelflip/eagle-island?ref=discovery,1291,20000,25055,1,http://pbs.twimg.com/tweet_video_thumb/C_fPDIPXkAE49aP.jpg
,15317,pixelnicks,"""2017-05-10T18:08:27.000Z""",photo,image,https://twitter.com/pixelnicks/status/862368754633715712,twitter,"#EagleIsland, proc-gen falconry platformer!\nhttps://t.co/jeAAnRtaWG\n#gamedev #indiedevhour #roguelike #metroidvania https://t.co/rdtu8G6vDj",,,1,0,0,1,NA,26,35,NA,46,Eagle Island,"""2017-04-11T00:00:00.000Z""","""2017-05-15T00:00:00.000Z""",GBP,1,Video Games,https://www.kickstarter.com/projects/pixelflip/eagle-island?ref=discovery,1291,20000,25055,1,http://pbs.twimg.com/tweet_video_thumb/C_e_mLDWAAAHRJP.jpg
,15350,pixelnicks,"""2017-05-10T11:27:14.000Z""",photo,image,https://twitter.com/pixelnicks/status/862267783710732288,twitter,Play it: https://t.co/iVGyb9wWhn\nBack it: https://t.co/jeAAnRtaWG\n#pixelart #indiegame #EagleIsland https://t.co/qzeDZLJdTZ,,,1,0,0,1,NA,10,17,NA,46,Eagle Island,"""2017-04-11T00:00:00.000Z""","""2017-05-15T00:00:00.000Z""",GBP,1,Video Games,https://www.kickstarter.com/projects/pixelflip/eagle-island?ref=discovery,1291,20000,25055,1,http://pbs.twimg.com/tweet_video_thumb/C_dj20XXgAE3P0D.jpg
,15367,pixelnicks,"""2017-05-10T06:23:51.000Z""",photo,image,https://twitter.com/pixelnicks/status/862191435264794624,twitter,RT @tuktuk22: lets help @pixelnicks dreams. https://t.co/xWDub9VPfE https://t.co/7vt3xSDybi,,,1,1,0,1,NA,3,0,NA,46,Eagle Island,"""2017-04-11T00:00:00.000Z""","""2017-05-15T00:00:00.000Z""",GBP,1,Video Games,https://www.kickstarter.com/projects/pixelflip/eagle-island?ref=discovery,1291,20000,25055,1,http://pbs.twimg.com/media/C_bkAoPVYAE_pQP.jpg
,15373,pixelnicks,"""2017-05-09T22:33:29.000Z""",photo,image,https://twitter.com/pixelnicks/status/862073061612417025,twitter,Still on track if we keep the #EagleIsland pledges coming in!\nhttps://t.co/jeAAnRtaWG\n#gamedev #indiegame #indiedev https://t.co/sK0jqHf2Jn,,,1,0,1,4,NA,31,50,NA,46,Eagle Island,"""2017-04-11T00:00:00.000Z""","""2017-05-15T00:00:00.000Z""",GBP,1,Video Games,https://www.kickstarter.com/projects/pixelflip/eagle-island?ref=discovery,1291,20000,25055,1,http://pbs.twimg.com/media/C_ayx2JXkAQEO_c.jpg
,15395,pixelnicks,"""2017-05-09T19:30:32.000Z""",photo,image,https://twitter.com/pixelnicks/status/862027024277401601,twitter,@UnusualKmc_YT Hub world secrets! https://t.co/ISF2GMbMKJ,,,0,0,0,5,NA,0,1,NA,46,Eagle Island,"""2017-04-11T00:00:00.000Z""","""2017-05-15T00:00:00.000Z""",GBP,1,Video Games,https://www.kickstarter.com/projects/pixelflip/eagle-island?ref=discovery,1291,20000,25055,1,http://pbs.twimg.com/media/C_aI8n5XgAAgvVE.jpg
,15414,pixelnicks,"""2017-05-09T17:01:47.000Z""",photo,image,https://twitter.com/pixelnicks/status/861989589996773376,twitter,"#EagleIsland 60% funded, 458 backers until 100%!\n6 days to go. Let's do this!\n#gamedev #pixelart #indiegame https://t.co/f3JE1sL9ko",,,1,0,1,4,NA,6,14,NA,46,Eagle Island,"""2017-04-11T00:00:00.000Z""","""2017-05-15T00:00:00.000Z""",GBP,1,Video Games,https://www.kickstarter.com/projects/pixelflip/eagle-island?ref=discovery,1291,20000,25055,1,http://pbs.twimg.com/tweet_video_thumb/C_Zm2o1WsAAgPeZ.jpg
,15426,pixelnicks,"""2017-05-09T15:22:11.000Z""",photo,image,https://twitter.com/pixelnicks/status/861964523099607040,twitter,@ZackBellGames It's all fun and games until Armaura is crushing you in her talons. https://t.co/AGzvPGyODT,,,0,0,0,5,NA,1,5,NA,46,Eagle Island,"""2017-04-11T00:00:00.000Z""","""2017-05-15T00:00:00.000Z""",GBP,1,Video Games,https://www.kickstarter.com/projects/pixelflip/eagle-island?ref=discovery,1291,20000,25055,1,http://pbs.twimg.com/media/C_ZQIL2XcAAWz2I.jpg
,15433,pixelnicks,"""2017-05-09T14:18:57.000Z""",photo,image,https://twitter.com/pixelnicks/status/861948608584835072,twitter,RT @CSH_Picone: Only 6 days left to back this gem by @pixelnicks ! \n\nhttps://t.co/0g1OGjCFFX\nhttps://t.co/nBHYLxoYqI https://t.co/keVmvwPcTz,,,1,0,1,4,NA,3,0,NA,46,Eagle Island,"""2017-04-11T00:00:00.000Z""","""2017-05-15T00:00:00.000Z""",GBP,1,Video Games,https://www.kickstarter.com/projects/pixelflip/eagle-island?ref=discovery,1291,20000,25055,1,http://pbs.twimg.com/media/C_ZBJinXcAE6xV3.jpg
,15495,pixelnicks,"""2017-05-08T21:06:11.000Z""",photo,image,https://twitter.com/pixelnicks/status/861688703865032704,twitter,Want to design a monster for Eagle Island?\nNow you can!\nInfo: https://t.co/kYggboh8SU\n\n#gamedev #indiegame #pixelart https://t.co/SZq34bfo94,,,1,0,0,1,NA,30,27,NA,46,Eagle Island,"""2017-04-11T00:00:00.000Z""","""2017-05-15T00:00:00.000Z""",GBP,1,Video Games,https://www.kickstarter.com/projects/pixelflip/eagle-island?ref=discovery,1291,20000,25055,1,http://pbs.twimg.com/tweet_video_thumb/C_VVJ1oW0AU3xtk.jpg
,15511,pixelnicks,"""2017-05-08T17:26:01.000Z""",photo,image,https://twitter.com/pixelnicks/status/861633298388463617,twitter,RT @JoeLark2: @pixelnicks \nI have wings and am now a pacifist https://t.co/MxXKAC7crb,,,0,0,0,5,NA,4,0,NA,46,Eagle Island,"""2017-04-11T00:00:00.000Z""","""2017-05-15T00:00:00.000Z""",GBP,1,Video Games,https://www.kickstarter.com/projects/pixelflip/eagle-island?ref=discovery,1291,20000,25055,1,http://pbs.twimg.com/media/C_UiLkFW0AAFf3G.jpg
,15515,pixelnicks,"""2017-05-08T17:07:59.000Z""",photo,image,https://twitter.com/pixelnicks/status/861628759727906817,twitter,RT @pixeljamgames: Eagle Island looks pretty sweet:\nhttps://t.co/0CRaUJrb1i\nGood luck with it @pixelnicks! https://t.co/S1XQil6wCJ,,,1,0,0,1,NA,3,0,NA,46,Eagle Island,"""2017-04-11T00:00:00.000Z""","""2017-05-15T00:00:00.000Z""",GBP,1,Video Games,https://www.kickstarter.com/projects/pixelflip/eagle-island?ref=discovery,1291,20000,25055,1,http://pbs.twimg.com/tweet_video_thumb/C_Ud12PW0AACIQe.jpg
,15523,pixelnicks,"""2017-05-08T15:14:19.000Z""",photo,image,https://twitter.com/pixelnicks/status/861600156071997440,twitter,RT @pixelnicks: Play it: https://t.co/iVGyb9wWhn\nBack it: https://t.co/jeAAnRtaWG\n#pixelart #indiegame #EagleIsland https://t.co/xmb7wGIlHK,,,1,0,0,1,NA,13,0,NA,46,Eagle Island,"""2017-04-11T00:00:00.000Z""","""2017-05-15T00:00:00.000Z""",GBP,1,Video Games,https://www.kickstarter.com/projects/pixelflip/eagle-island?ref=discovery,1291,20000,25055,1,http://pbs.twimg.com/media/C_TyV4wWsAALdmy.jpg
,15526,pixelnicks,"""2017-05-08T13:59:42.000Z""",photo,image,https://twitter.com/pixelnicks/status/861581377334071296,twitter,RT @pixelnicks: Play it: https://t.co/iVGyb9wWhn\nBack it: https://t.co/Lnk0wU7Ni3\n#pixelart #indiegame https://t.co/M1WcLcOCwS,,,0,0,0,5,NA,12,0,NA,46,Eagle Island,"""2017-04-11T00:00:00.000Z""","""2017-05-15T00:00:00.000Z""",GBP,1,Video Games,https://www.kickstarter.com/projects/pixelflip/eagle-island?ref=discovery,1291,20000,25055,1,http://pbs.twimg.com/media/C_SoX-2XkAAmgXQ.jpg
,15527,pixelnicks,"""2017-05-08T13:53:56.000Z""",photo,image,https://twitter.com/pixelnicks/status/861579926222364674,twitter,Play it: https://t.co/iVGyb9wWhn\nBack it: https://t.co/jeAAnRtaWG\n#pixelart #indiegame #EagleIsland https://t.co/xmb7wGIlHK,,,1,0,0,1,NA,13,17,NA,46,Eagle Island,"""2017-04-11T00:00:00.000Z""","""2017-05-15T00:00:00.000Z""",GBP,1,Video Games,https://www.kickstarter.com/projects/pixelflip/eagle-island?ref=discovery,1291,20000,25055,1,http://pbs.twimg.com/media/C_TyV4wWsAALdmy.jpg
,15530,pixelnicks,"""2017-05-08T12:03:42.000Z""",photo,image,https://twitter.com/pixelnicks/status/861552183724187648,twitter,Play it: https://t.co/iVGyb9wWhn\nBack it: https://t.co/jeAAnRtaWG\n#pixelart #indiegame #EagleIsland https://t.co/6zYjG0fIld,,,1,0,0,1,NA,6,9,NA,46,Eagle Island,"""2017-04-11T00:00:00.000Z""","""2017-05-15T00:00:00.000Z""",GBP,1,Video Games,https://www.kickstarter.com/projects/pixelflip/eagle-island?ref=discovery,1291,20000,25055,1,http://pbs.twimg.com/media/C_TY-V4WAAAcIrz.jpg
,15540,pixelnicks,"""2017-05-08T08:31:19.000Z""",photo,image,https://twitter.com/pixelnicks/status/861498736844963840,twitter,Play it: https://t.co/iVGyb9wWhn\nBack it: https://t.co/Lnk0wU7Ni3\n#pixelart #indiegame https://t.co/M1WcLcOCwS,,,0,0,0,5,NA,12,14,NA,46,Eagle Island,"""2017-04-11T00:00:00.000Z""","""2017-05-15T00:00:00.000Z""",GBP,1,Video Games,https://www.kickstarter.com/projects/pixelflip/eagle-island?ref=discovery,1291,20000,25055,1,http://pbs.twimg.com/media/C_SoX-2XkAAmgXQ.jpg
,15576,pixelnicks,"""2017-05-07T07:46:21.000Z""",photo,image,https://twitter.com/pixelnicks/status/861125031593693184,twitter,"RT @cr_valkyrie: a wip that I'm working on....more eagle island stuff, @pixelnicks \n\nhttps://t.co/2Bi1kXpSN7 https://t.co/MQtHR8cMxN",,,1,0,0,1,NA,5,0,NA,46,Eagle Island,"""2017-04-11T00:00:00.000Z""","""2017-05-15T00:00:00.000Z""",GBP,1,Video Games,https://www.kickstarter.com/projects/pixelflip/eagle-island?ref=discovery,1291,20000,25055,1,http://pbs.twimg.com/media/C_MjOzRUMAAZLL7.jpg
,15581,pixelnicks,"""2017-05-06T23:23:56.000Z""",photo,image,https://twitter.com/pixelnicks/status/860998594651983874,twitter,RT @cr_valkyrie: BEAR! @pixelnicks these stompers are awesome!!!\n\nhttps://t.co/2Bi1kXpSN7 https://t.co/qxAeMDBezk,,,0,0,0,5,NA,2,0,NA,46,Eagle Island,"""2017-04-11T00:00:00.000Z""","""2017-05-15T00:00:00.000Z""",GBP,1,Video Games,https://www.kickstarter.com/projects/pixelflip/eagle-island?ref=discovery,1291,20000,25055,1,http://pbs.twimg.com/media/C-jFT_OVwAEJkg8.jpg
,15603,pixelnicks,"""2017-05-06T10:06:52.000Z""",photo,image,https://twitter.com/pixelnicks/status/860798008778162176,twitter,RT @UnusualKmc_YT: @pixelnicks Southampton game fest https://t.co/zdXjV30CvR,,,0,0,0,5,NA,1,0,NA,46,Eagle Island,"""2017-04-11T00:00:00.000Z""","""2017-05-15T00:00:00.000Z""",GBP,1,Video Games,https://www.kickstarter.com/projects/pixelflip/eagle-island?ref=discovery,1291,20000,25055,1,http://pbs.twimg.com/media/C_In4OXXYAAfWFM.jpg
,15639,pixelnicks,"""2017-05-05T12:24:54.000Z""",photo,image,https://twitter.com/pixelnicks/status/860470356196421632,twitter,RT @Jjagg_dev: @pixelnicks @Sharktoothman11 I should record my runs in case I actually beat 1:45 :) https://t.co/1iO5mR9zmU,,,0,0,0,5,NA,3,0,NA,46,Eagle Island,"""2017-04-11T00:00:00.000Z""","""2017-05-15T00:00:00.000Z""",GBP,1,Video Games,https://www.kickstarter.com/projects/pixelflip/eagle-island?ref=discovery,1291,20000,25055,1,http://pbs.twimg.com/media/C_D-fNnXgAA-vjN.jpg
,15660,pixelnicks,"""2017-05-04T23:02:02.000Z""",photo,image,https://twitter.com/pixelnicks/status/860268310528753666,twitter,These Gamejolt ratings are reassuring!\n\nTry #pixelart #indiegame #EagleIsland here:\nhttps://t.co/Stbmomyv0Q https://t.co/IR3UAgxX8y,,,1,0,0,1,NA,7,17,NA,46,Eagle Island,"""2017-04-11T00:00:00.000Z""","""2017-05-15T00:00:00.000Z""",GBP,1,Video Games,https://www.kickstarter.com/projects/pixelflip/eagle-island?ref=discovery,1291,20000,25055,1,http://pbs.twimg.com/media/C_BJTTEXoAE8qH-.jpg
,15683,pixelnicks,"""2017-05-04T16:24:54.000Z""",photo,image,https://twitter.com/pixelnicks/status/860168366648172545,twitter,Unsure about backing #EagleIsland's Kickstarter?\nAsk me anything ????\nhttps://t.co/jeAAnRtaWG\n#gamedev #pixelart https://t.co/zmfj8V4Tse,,,1,0,0,1,NA,23,30,NA,46,Eagle Island,"""2017-04-11T00:00:00.000Z""","""2017-05-15T00:00:00.000Z""",GBP,1,Video Games,https://www.kickstarter.com/projects/pixelflip/eagle-island?ref=discovery,1291,20000,25055,1,http://pbs.twimg.com/tweet_video_thumb/C-_ufD2XkAI5gbf.jpg
,15692,pixelnicks,"""2017-05-04T01:03:55.000Z""",photo,image,https://twitter.com/pixelnicks/status/859936595721498626,twitter,@SkyWolveBlah  https://t.co/kqHrqrwl9i,,,0,0,0,5,NA,0,1,NA,46,Eagle Island,"""2017-04-11T00:00:00.000Z""","""2017-05-15T00:00:00.000Z""",GBP,1,Video Games,https://www.kickstarter.com/projects/pixelflip/eagle-island?ref=discovery,1291,20000,25055,1,http://pbs.twimg.com/media/C-8bw7hXoAAAl82.jpg
,15702,pixelnicks,"""2017-05-03T21:51:25.000Z""",photo,image,https://twitter.com/pixelnicks/status/859888150826684419,twitter,RT @pixelnicks: Play Eagle Island right now ^_^\n#gaming #procedural\nhttps://t.co/iVGyb9wWhn https://t.co/Yw13FV3Ajl,,,1,0,0,1,NA,15,0,NA,46,Eagle Island,"""2017-04-11T00:00:00.000Z""","""2017-05-15T00:00:00.000Z""",GBP,1,Video Games,https://www.kickstarter.com/projects/pixelflip/eagle-island?ref=discovery,1291,20000,25055,1,http://pbs.twimg.com/tweet_video_thumb/C-7dZm9XoAADAiA.jpg
,15704,pixelnicks,"""2017-05-03T19:52:44.000Z""",photo,image,https://twitter.com/pixelnicks/status/859858281988272128,twitter,RT @JohanAronson: It moves #pixelart #gamedev https://t.co/V1AjMjVnjB,,,0,0,0,5,NA,272,0,NA,46,Eagle Island,"""2017-04-11T00:00:00.000Z""","""2017-05-15T00:00:00.000Z""",GBP,1,Video Games,https://www.kickstarter.com/projects/pixelflip/eagle-island?ref=discovery,1291,20000,25055,1,http://pbs.twimg.com/tweet_video_thumb/C-0d9H-XYAAAMda.jpg
,15713,pixelnicks,"""2017-05-03T18:01:42.000Z""",photo,image,https://twitter.com/pixelnicks/status/859830341107949571,twitter,RT @pixelnicks: https://t.co/Q2W3osKy95\nhttps://t.co/jeAAnRtaWG\n#gamedev #pixelart #indiegame #retrogaming https://t.co/jZrfUR3zhk,,,0,0,0,5,NA,7,0,NA,46,Eagle Island,"""2017-04-11T00:00:00.000Z""","""2017-05-15T00:00:00.000Z""",GBP,1,Video Games,https://www.kickstarter.com/projects/pixelflip/eagle-island?ref=discovery,1291,20000,25055,1,http://pbs.twimg.com/media/C-6Px9LXcAAaodq.jpg
,15717,pixelnicks,"""2017-05-03T14:52:49.000Z""",photo,image,https://twitter.com/pixelnicks/status/859782803675807745,twitter,https://t.co/Q2W3osKy95\nhttps://t.co/jeAAnRtaWG\n#gamedev #pixelart #indiegame #retrogaming https://t.co/jZrfUR3zhk,,,0,0,0,5,NA,7,8,NA,46,Eagle Island,"""2017-04-11T00:00:00.000Z""","""2017-05-15T00:00:00.000Z""",GBP,1,Video Games,https://www.kickstarter.com/projects/pixelflip/eagle-island?ref=discovery,1291,20000,25055,1,http://pbs.twimg.com/media/C-6Px9LXcAAaodq.jpg
,15718,pixelnicks,"""2017-05-03T14:23:51.000Z""",photo,image,https://twitter.com/pixelnicks/status/859775515846221825,twitter,"RT @pcgamer: Eagle Island is a falconry-based, procedural platformer, now with a demo: https://t.co/UisxQ7mtb8 https://t.co/RwEVUcVNQj",,,1,0,0,1,NA,22,0,NA,46,Eagle Island,"""2017-04-11T00:00:00.000Z""","""2017-05-15T00:00:00.000Z""",GBP,1,Video Games,https://www.kickstarter.com/projects/pixelflip/eagle-island?ref=discovery,1291,20000,25055,1,http://pbs.twimg.com/media/C-xnsKpW0AQD-Ng.jpg
