score,word,score,word,score,word,score,word
132,i,216,you,119,rt,130,we
121,we,115,thank,71,kickstarter,120,kickstarter
106,you,107,kickstarter,66,clonsters,105,you
106,in,103,thanks,52,for,101,our
104,this,86,we,47,out,93,for
102,kickstarter,80,for,34,check,93,get
101,with,66,much,32,you,90,in
100,for,57,this,31,this,73,clonsters
75,our,54,in,31,allages,68,left
66,out,49,our,28,patshand,66,this
61,rt,48,i,25,in,64,days
48,about,47,us,25,our,61,your
48,live,39,u2,24,comic,60,will
45,your,38,have,23,i,54,now
45,have,37,today,21,shand,51,pledge
41,clonsters,37,your,20,new,51,have
40,my,37,all,20,we,49,us
36,new,33,with,19,book,48,today
36,dream,30,days,19,amy,45,with
35,now,30,everyone,19,adventure,41,out
35,will,28,out,17,your,41,free
34,time,28,left,17,with,41,help
33,book,28,has,17,amp,41,all
32,from,27,now,16,my,38,were
32,make,26,who,16,pat,37,i
32,day,25,do,15,from,36,hours
31,all,24,about,14,thanks,35,day
31,more,21,will,14,us,32,only
30,us,20,support,14,were,31,make
29,get,20,day,14,graphic,30,goal
29,were,20,fundclonsters,14,novel,28,go
29,me,20,dream,13,give,28,fundclonsters
29,loud,20,httpbitlyclonsters,13,kids,27,do
27,one,19,make,12,support,27,campaign
25,help,19,up,12,get,27,dream
25,u2,19,live,12,about,26,raise
24,love,19,been,11,up,26,who
23,do,19,campaign,11,all,25,lets
22,no,19,film,10,some,25,loud
21,here,19,loud,10,hey,24,everyone
21,them,18,know,10,backed,23,new
21,need,18,come,10,game,22,final
20,amp,16,going,10,multivarious,22,going
20,great,16,want,9,wallet,22,art
20,campaign,16,me,9,love,21,commission
19,via,16,were,9,project,21,has
19,there,15,time,9,too,20,book
19,want,15,youre,9,sheaserrano,20,print
19,world,15,clonsters,9,bedtime,20,over
19,film,15,help,9,better,19,from
18,story,15,join,9,back,19,backers
18,made,15,fans,8,have,19,every
17,they,14,get,8,help,18,more
17,see,14,fan,8,making,18,awesome
17,going,14,pledged,8,im,18,link
17,well,13,one,8,trying,18,before
17,has,13,see,8,vanessa,18,amp
17,who,13,please,8,cardinali,17,two
17,novel,13,goal,7,link,17,one
17,amy,12,funded,7,httpst,17,hit
16,adventure,12,shared,7,reading,17,been
15,check,12,some,7,their,17,pledges
15,some,11,love,7,granfors,17,support
15,had,11,go,6,cool,16,reward
15,he,10,project,6,apex,16,last
15,know,10,way,6,now,16,there
15,graphic,10,more,6,think,16,prints
15,pledge,10,from,6,one,16,rewards
15,nnhttpkckst2qm1pwl,10,keep,6,news,16,graphic
14,im,10,band,6,friends,16,pledged
14,dont,9,sure,6,httpstcofxwejgi7ud,16,need
14,up,9,well,6,material,16,back
14,look,9,any,6,ericaschultz42,15,still
14,first,9,share,6,no,15,up
14,comic,9,pledge,6,httpstco,15,funded
14,go,9,backing,6,ages,15,vampire
14,music,9,lets,5,themstrmnd,15,emmy
14,pm,9,6,5,good,15,come
13,next,9,pm,5,little,15,please
13,wallet,9,there,5,make,15,live
13,touch,8,rt,5,piece,15,u2
13,3dprinting,8,1,5,goal,14,time
13,been,8,no,5,hours,14,also
13,please,8,ha,5,press,14,first
13,come,8,then,5,live,14,100
13,fun,8,great,5,page,14,thanks
13,real,8,community,5,basketball,14,artist
13,allages,8,need,5,thank,14,1
13,dotsloops,8,hours,5,there,14,some
13,fans,8,world,5,fun,13,film
12,days,8,lt3,5,time,13,wallet
12,still,8,dreams,5,please,13,20
12,hours,8,over,5,art,13,add
12,best,8,every,5,gyrating,13,added
12,would,8,wwwdreamoutloudfilmcom,5,hamsters,13,httpbitlyclonsters
12,also,8,dreamoutloud,4,great,12,off
12,seen,8,hamster,4,ht,12,my
12,art,7,dont,4,should,12,coloring
12,then,7,good,4,astroprint3d,12,ny
12,other,7,say,4,astrobox,12,until
12,today,7,weve,4,way,12,youre
12,meets,7,amp,4,touch,12,novel
12,aaahh,7,getting,4,3,12,level
12,awesome,7,many,4,before,12,even
12,back,7,wow,4,httpstcohgz69ipknd,12,50
11,astrobox,7,means,4,come,12,weve
11,years,7,7,4,childrens,12,dotsloops
11,ive,7,100,4,here,12,story
11,set,7,closer,4,did,12,fans
11,too,7,right,4,sure,11,them
11,which,7,12,4,parents,11,stretch
11,monsters,7,music,4,much,11,announcing
11,vanessa,7,story,4,write,11,destiny
11,2,7,february,4,people,11,manuel
11,nomercygame,6,book,4,every,11,im
10,share,6,tell,4,doesnt,11,copy
10,20,6,here,4,could,11,shared
10,link,6,really,4,will,11,exclusive
10,3d,6,indeed,4,continuityent,11,no
10,year,6,their,4,me,10,apex
10,most,6,too,4,https,10,while
10,support,6,feel,4,epanel,10,keep
10,5,6,long,4,comicfrontline,10,three
10,cant,6,talk,4,has,10,3
10,beautiful,6,danleydon,4,meets,10,villain
10,life,6,ill,4,free,10,thank
10,young,6,first,4,mercy,10,gets
10,lot,6,done,3,already,10,6000
10,happen,6,let,3,10,10,these
10,two,6,far,3,20,10,2
10,concert,6,take,3,next,10,below
10,special,6,could,3,3dprinting,10,great
10,dreamoutloud,6,think,3,raspberrypi,10,unlocked
10,eastern,6,making,3,guys,10,bitlydlkickstarter
10,february,6,favorite,3,first,9,about
9,available,6,ericaschultz42,3,print,9,getting
9,friends,6,made,3,whats,9,know
9,after,6,2,3,best,9,40
9,read,6,them,3,release,9,4
9,video,6,sharing,3,story,9,thisnnpledge
9,excited,6,truennpledge,3,funded,9,backer
9,think,6,back,3,awesome,9,dreams
9,goal,6,u2fans,3,interview,9,share
9,thats,6,together,3,b,9,me
9,each,6,facebook,3,wrote,9,dont
9,people,6,u2fanfilm,3,really,9,already
9,little,6,u2baby,3,big,9,early
9,fiance,5,true,3,sharing,8,3550
9,comics,5,those,3,heres,8,10
9,super,5,use,3,made,8,any
9,every,5,they,3,dont,8,variant
9,modern,5,yes,3,alphabet,8,game
9,2017,5,thats,3,basketballloving,8,fund
9,tell,5,did,3,even,8,aw
9,1,5,questions,3,lavar,8,pride
9,10,5,also,3,ball,8,end
9,over,5,next,3,he,8,preitano
9,wwwdreamoutloudfilmcom,5,5,3,than,8,closer
9,riplcom,5,post,3,moms,8,adding
9,houdiniopoly,5,very,3,dads,8,6
8,wait,5,dan,3,marcelluswiley,8,love
8,got,5,each,3,word,8,cant
8,apex,5,lot,3,only,8,special
8,good,5,im,3,left,8,12
8,3,5,he,3,campaign,8,cover
8,only,5,happy,3,looks,8,perfect
8,even,5,42,3,author,8,young
8,because,5,best,3,creator,8,next
8,while,5,sharednnpledge,3,fans,8,mothman
8,facebook,5,kimmypagnotta,3,spotlight,8,chupacabra
8,makes,5,new,3,tonight,8,kraken
8,though,5,rolling,3,amyshand,8,cryptid
8,talk,5,8,3,930,8,wwwdreamoutloudfilmcom
8,family,5,happen,3,pm,7,limited
8,cartoons,5,gmt,3,currently,7,httpstcohgz69ipknd
8,really,5,stories,3,bleedingcool,7,four
8,many,5,tribute,3,aaahh,7,close
8,hope,4,putting,3,real,7,robbertopoli
8,thank,4,action,3,monsters,7,5
8,launch,4,backed,3,went,7,those
8,philip,4,few,3,message,7,ryan
8,watch,4,weeks,3,secret,7,far
8,u2fanfilm,4,yeah,3,code,7,3000
8,strap,4,someone,3,fantasy,7,see
7,cool,4,quick,3,nnhttpstcobtsdvdqopr,7,larry
7,last,4,hell,3,comics,7,guys
7,4,4,even,3,youre,7,than
7,these,4,gets,3,loud,7,super
7,yes,4,other,3,u2,7,featuring
7,few,4,sweet,3,going,7,patch
7,better,4,hit,3,lets,7,24
7,print,4,still,3,games,7,tell
7,funded,4,only,3,review,7,tour
7,than,4,guys,3,gyratinghamster,7,jewelleryforthejourney
7,did,4,update,2,rfidproof,6,check
7,amazon,4,page,2,via,6,week
7,doing,4,work,2,latest,6,chance
7,looking,4,youve,2,tchrisburns,6,grab
7,his,4,miss,2,over,6,preorder
7,tomorrow,4,awesome,2,wed,6,here
7,her,4,jameslittlejuan,2,chat,6,news
7,until,4,sheaserrano,2,slim,6,publish
7,heres,4,man,2,life,6,collectors
7,artist,4,markwhyy,2,survcotactical,6,comic
7,amazing,4,idea,2,t,6,1500
7,90s,4,got,2,chuckhellebuyck,6,8500
7,hey,4,people,2,nice,6,class
7,pitch,4,scott,2,got,6,best
7,coming,4,life,2,find,6,mjau
7,she,4,being,2,website,6,offer
7,early,4,my,2,likely,6,offers
7,fan,4,zenescope,2,relevant,6,offering
7,something,4,glad,2,tinkercad,6,launch
7,everyone,4,rewards,2,very,6,holographic
7,bird,4,fundclonstersnnpledge,2,sent,6,happen
7,season,4,helping,2,wanna,6,anything
7,brand,4,link,2,morning,6,robyn
7,written,4,rting,2,might,6,sunday
7,gmt,4,should,2,runs,6,fantastic
7,openculture,4,usnnpledge,2,see,6,much
7,andyswan,4,nhttpbitlyclonsters,2,launch,6,todaynbitlyclonsters
7,multivarious,4,3nnpledge,2,baller,6,comments
6,wanted,4,tomorrow,2,dude,6,card
6,lifetime,4,9,2,needs,6,funding
6,already,4,since,2,wrldsoccershop,6,claimed
6,before,4,launch,2,scores,6,fan
6,looks,4,11,2,todays,6,their
6,questions,4,news,2,ucl,6,flatwoods
6,idea,4,minutes,2,semifinal,6,show
6,could,4,told,2,well,6,havent
6,stuff,4,others,2,away,6,season
6,their,4,show,2,pair,6,reach
6,thing,4,felt,2,nike,6,drones
6,right,4,between,2,cleats,6,2017
6,yeah,4,mirror,2,kpelton,6,u2fans
6,sheaserrano,4,3,2,need,6,bird
6,any,4,game,2,halftime,5,would
6,might,4,sunday,2,ballers,5,read
6,books,4,coast,2,weartesters,5,page
6,kids,4,gyrating,2,they,5,well
6,both,4,hamsters,2,helped,5,low
6,published,3,same,2,trenches,5,25
6,sure,3,reward,2,yo,5,rt
6,patshand,3,his,2,hate,5,books
6,fund,3,check,2,nightwing2303,5,28
6,project,3,fully,2,jam,5,something
6,enthusiasm,3,early,2,mshipley24,5,70
6,lets,3,meaning,2,letter,5,comics
6,youre,3,might,2,helping,5,2341
6,series,3,needs,2,parent,5,announcement
6,entire,3,set,2,httpstco2o1qks5qko,5,lot
6,instagram,3,video,2,learn,5,approaching
6,those,3,watch,2,players,5,made
6,unique,3,donate,2,right,5,other
6,own,3,anyone,2,dad,5,tomorrow
6,illustrated,3,free,2,add,5,helping
6,cardinali,3,mike,2,appreciate,5,saturday
6,through,3,had,2,featuring,5,night
6,left,3,shipping,2,mailman,5,1159pm
6,patch,3,uk,2,shooting,5,7
6,nonsemble,3,looking,2,shot,5,want
6,trio,3,workofmark,2,chance,5,wait
6,stories,3,mark,2,lovable,5,then
6,pacific,3,hey,2,youll,5,coming
5,ever,3,ive,2,order,5,thats
5,hot,3,bit,2,go,5,commissions
5,click,3,away,2,firstlegacycmx,5,addition
5,crowdfunding,3,chance,2,reach,5,little
5,off,3,because,2,meet,5,5000
5,thanks,3,already,2,hope,5,few
5,printing,3,fun,2,russellnohelty,5,claim
5,visit,3,look,2,wannabepress,5,right
5,ago,3,believe,2,why,5,hood
5,weve,3,reeemily,2,success,5,ends
5,design,3,again,2,michaeljnimmo,5,physical
5,way,3,robbertopoli,2,aiptcomics,5,2000
5,animation,3,hope,2,bring,5,amazing
5,ill,3,pledging,2,questions,5,less
5,b,3,pledges,2,et,5,shop
5,theres,3,amy,2,super,5,being
5,say,3,ever,2,w,5,youve
5,trying,3,while,2,tuesday,5,isnt
5,down,3,crazy,2,night,5,black
5,mark,3,morning,2,httpstcoirbjis4iyg,5,life
5,youll,3,10,2,htt,5,series
5,ha,3,hard,2,geekcastradio,5,believe
5,why,3,2017,2,fantastic,5,pledging
5,works,3,head,2,attention,5,very
5,page,3,breaking,2,world,5,dogman
5,reader,3,friends,2,aw,5,command
5,didnt,3,rally,2,yeahnnkickstarter,5,set
5,should,3,dublin,2,selected,5,premiere
5,god,3,25,2,larryewattsart,5,away
5,katy,3,tribe,2,certainly,5,group
5,exciting,3,challenge,2,launches,5,hamsters
5,minutes,3,nominated,2,indiecomics,5,jewellery
5,money,3,copy,2,adventuretime,4,receive
5,talking,3,hour,2,ahhrealmonsters,4,bio
5,readers,3,than,2,http,4,crowdfunding
5,let,3,tour,2,beautiful,4,selling
5,wow,3,hear,2,today,4,30
5,believe,3,bb,2,friend,4,httpstcootfpjszyma
5,shand,3,play,2,bleeding,4,amy
5,same,3,guess,2,article,4,tuned
5,being,3,comment,2,destiny,4,upgrade
5,exclusive,3,stretch,2,nys,4,pieces
5,night,3,which,2,manuel,4,because
5,raise,3,welcome,2,preitanonnfundclonsters,4,cinderella
5,find,3,nice,2,jonathan,4,truennpledge
5,6,3,mwgerard,2,hot,4,short
5,kraken,3,creativethurs,2,film,4,gone
5,international,3,nomercygame,2,dreaming,4,available
5,piece,3,nomercy,2,dreamoutloud,4,since
5,miss,2,events,2,australia,4,charged
5,features,2,based,2,join,4,35
5,generation,2,crazer215,2,top,4,volume
5,local,2,mstr,2,below,4,donate
5,david,2,key,2,board,4,push
5,7,2,mstrkey,2,tabletop,4,clonstersnni
5,found,2,keytool,2,etboardgames,4,stuck
5,rob,2,multitool,2,hear,4,2627
5,bank,2,seen,2,in2thereview,4,remember
5,robbers,2,went,2,prints,4,money
5,part,2,email,2,brawler,4,idea
5,richard,2,bird,2,httpstcotvg4twl2js,4,which
5,band,2,theres,2,gamejolt,4,nugget
5,never,2,evanmodel3d,2,mithicalent,4,copies
5,straps,2,spannerhands3d,2,demo,4,conventions
5,cognac,2,bad,2,nomercy,4,place
4,12,2,fabbing,2,party,4,printsnn
4,incredible,2,p,1,webstrands,4,higher
4,copper,2,anything,1,httpstco3ab904c4hx,4,novelnnpledge
4,done,2,possible,1,httpstco7eomjlobus,4,white
4,bio,2,interested,1,intengineering,4,roberta
4,guarantee,2,sign,1,engineers,4,watts
4,details,2,3dprinting,1,httpstconexbypvs4n,4,got
4,introducing,2,someonewhodoe,1,mikechale,4,announce
4,again,2,understand,1,looking,4,another
4,launched,2,dongle,1,forward,4,thing
4,free,2,httpstcoovcqzj6bxt,1,getting,4,tonight
4,printer,2,riptide360,1,httpstco8vomkaizen,4,todaynhttpswwwkickstartercomprojects248241887clonstersanallagesadventurecomic
4,create,2,open,1,httpstcouc26zacppw,4,after
4,perfect,2,send,1,saedelaere,4,pick
4,helps,2,follow,1,crowdfunding,4,monster
4,city,2,likely,1,httpstcoblyd7f4qsz,4,music
4,internet,2,photo,1,httpstconpc8huligz,4,theres
4,stay,2,burningems,1,garrickwest,4,yet
4,finally,2,looks,1,promoting,4,year
4,haha,2,3d,1,version,4,performing
4,danleydon,2,via,1,httpstcow3s4aqjlv4,4,australian
4,long,2,else,1,wirejunky,4,isabelle
4,baller,2,melissa,1,available,4,rainbow
4,answer,2,group,1,preorder,4,exciting
4,definitely,2,these,1,httpstcoerdgyxvyzh,4,together
4,guy,2,patrick,1,just1moretry,4,stories
4,hes,2,ticko,1,update,4,wristband
4,add,2,stay,1,httpstcoowrzvr8xzz,4,send
4,ask,2,tuned,1,presenting,4,dreamoutloudfilm
4,later,2,ecken,1,dropped,4,february
4,honestly,2,lauren,1,sweet,4,miss
4,use,2,anytime,1,tip,4,gyrating
4,keep,2,beat,1,slashgear,4,houdiniopoly
4,remember,2,robert,1,consideration,4,collection
4,magsvisaggs,2,wayne,1,httpstcowilmwujwci,3,many
4,whoa,2,give,1,danieltpearson,3,slimwallet
4,saw,2,filiperaic,1,do,3,newest
4,around,2,ideas,1,would,3,click
4,someone,2,cost,1,fit,3,update
4,sometimes,2,ship,1,highsnobiety,3,sale
4,york,2,doing,1,thoughts,3,shipping
4,absolutely,2,wondering,1,httpstcoq6eln53f42,3,14
4,publish,2,would,1,thegadgetflow,3,teaching
4,w,2,marcusmarritt,1,httpstcorjyfoq4sce,3,never
4,embodies,2,marcus,1,modern,3,goals
4,eccentricity,2,weartesters,1,features,3,favorite
4,anything,2,danieihardman,1,improve,3,did
4,soon,2,helped,1,lif,3,covernni
4,marries,2,jason,1,zerofuckscoin,3,late
4,quirky,2,blown,1,picked,3,item
4,give,2,changes,1,badass,3,marleni
4,fantastic,2,monkeysilog,1,httpstcougccqqng5o,3,gomez
4,final,2,sixers,1,volfan1983xxx,3,949
4,issue,2,trying,1,gifts,3,overwhelmed
4,wrote,2,inastraightline,1,touchofmodern,3,1180
4,cat,2,sinca,1,always,3,raisennpledge
4,three,2,thing,1,been,3,stuff
4,work,2,enjoy,1,fan,3,too
4,youtube,2,steve,1,fabbaloo,3,3pm
4,loved,2,gibbargabbar,1,honor,3,allow
4,join,2,joe,1,covered,3,empty
4,table,2,super,1,general,3,writers
4,neal,2,httpstcofxwejgi7ud,1,himself,3,signed
4,platform,2,id,1,codanny,3,bunch
4,adults,2,blank,1,software,3,15
4,often,2,gwenckatz,1,missing,3,holding
4,much,2,tonybrescini,1,tech,3,drew
4,backed,2,pushing,1,adoption,3,age
4,king,2,lovely,1,rescue,3,darkness
4,getting,2,havent,1,httpstco5irhqikqgz,3,digital
4,told,2,through,1,thejatmn,3,lovely
4,boost,2,beautiful,1,racetoh2,3,manga
4,gogo,2,series,1,wrapup,3,adopting
4,experience,2,comic,1,seemecnc,3,cats
4,backing,2,sargonparidius,1,filamentone,3,genuinely
4,close,2,read,1,httpstcoqxrrt2iaid,3,slots
4,ten,2,dave,1,allaboutcode,3,slot
4,catch,2,writing,1,ryanteck,3,continuityent
4,true,2,absolutely,1,mruktechreviews,3,ive
4,goes,2,vikingfist,1,pitutor,3,artists
4,cryptid,2,dm,1,imakrstore,3,includes
4,solstice,2,something,1,seen,3,cut
4,piano,2,having,1,kickst,3,making
4,cara,2,thoughts,1,httpstcoafgcfygzdc,3,order
4,tran,2,add,1,burningems,3,9
4,40,2,cover,1,tevo,3,biggest
4,place,2,writers,1,monster,3,renzo
4,chris,2,cant,1,delta,3,rodriguez
4,donate,2,phoenixdpublish,1,program,3,orders
4,cuttingedge,2,backers,1,finally,3,55
4,talent,2,taking,1,building,3,pollys
4,australias,2,editorial,1,wa,3,illustrated
4,stars,2,received,1,3dprintpulse,3,lowpriced
4,quartet,2,aw,1,couldnt,3,levels
4,club,2,enough,1,contact,3,yisss
4,spaces,2,until,1,cgartenberg,3,11
4,newspeak,2,doncates,1,chaim,3,fundclonstersnnpledge
4,body,2,marginscomics,1,ahold,3,reality
4,glass,2,dates,1,readersbeat,3,dead
4,update,2,pick,1,chris,3,toward
4,namky,2,retweet,1,hold,3,broke
4,bono,2,richard,1,readers,3,bookmark
4,nardone,2,mothers,1,beat,3,miniprint
4,chambers,2,allnnpledge,1,thingiverse,3,fabio
4,peace,2,youtube,1,shapeways,3,ramacci
4,country,2,biggest,1,question,3,total
4,inside,2,daynnpledge,1,indeed,3,matter
4,together,2,fundclonstersnnhttpswwwkickstartercomprojects248241887clonstersanallagesadventurecomic,1,integrate,3,above
4,things,2,contributed,1,smashes,3,least
4,documentary,2,almost,1,funding,3,momentum
4,black,2,five,1,httpstcod6adtauft6,3,five
4,men,2,before,1,all3dp,3,second
4,women,2,reach,1,3dersorg,3,plus
4,jewelleryforthejourney,2,amazing,1,125,3,way
4,carmaandconnection,2,year,1,wireless,3,social
4,strength,2,family,1,3d,3,he
4,decade,2,dotsloops,1,printer,3,draw
4,mashreads,2,party,1,touchscreen,3,morning
4,oh,2,hang,1,crushes,3,doing
4,amybethcupp,2,beginning,1,httpstcoaxrqsopmkt,3,cool
4,etsy,2,fantastic,1,johnbiggs,3,fundclonstersnnhttpswwwkickstartercomprojects248241887clonstersanallagesadventurecomic
4,elentori,2,city,1,john,3,good
3,him,2,less,1,early,3,start
3,week,2,50,1,raised,3,consider
3,chance,2,projectnnbacking,1,funds,3,true
3,slimwallet,2,ensuring,1,jump,3,sharennpledge
3,allmetal,2,hand,1,hit,3,big
3,weatherproof,2,common,1,100k,3,weeks
3,crowdfund,2,ground,1,afro3dp,3,division
3,badass,2,thousands,1,also,3,httpcoghillcartooningcomcryptidcommand2
3,guaranteed,2,joyously,1,joining,3,cryptozoology
3,slim,2,singing,1,instagram,3,embroideredpatch
3,pizza,2,along,1,iamhunterme,3,sam
3,always,2,expressing,1,lol,3,nothing
3,thought,2,connection,1,followersaudience,3,around
3,guess,2,nthe,1,interested,3,concert
3,interesting,2,engaged,1,raspberry,3,bit
3,change,2,communities,1,pi,3,finish
3,theyre,2,different,1,mcwm,3,2014
3,printed,2,levels,1,fyi,3,yourself
3,man,2,value,1,ju,3,friends
3,gets,2,driven,1,httpstconnhgha6clk,3,sweet
3,feels,2,bands,1,myminifactory,3,breaking
3,future,2,actions,1,launched,3,tribe
3,industry,2,ways,1,httpstco78ssrwujkh,3,strongerthanfear
3,heart,2,usnby,1,noahpbperkins,3,join
3,space,2,dares,1,popgatesmedia,3,1130pm
3,almost,2,affirm,1,httpstco3s04wngogd,3,backed
3,fire,2,songs,1,happy,3,unlock
3,course,2,experiences,1,vato,3,hamster
3,players,2,lives,1,try,3,nnhttpkckst2qm1pwl
3,during,2,recognize,1,anyone,3,gift
3,favorite,2,must,1,shit,3,freedom
3,shows,2,todaynwwwdreamoutloudfilmcom,1,win,3,explore
3,picture,2,why,1,whenever,3,httpswwwkickstartercomprojects588473275jewelleryforthejourney
3,tho,2,21,1,httpstcosfvtzbeppk,2,bionkickstarter
3,id,2,off,1,mbappe,2,score
3,take,2,final,1,higuain,2,mstr
3,pretty,2,week,1,hypervenom,2,key
3,list,2,ivan,1,ronaldo,2,details
3,pledges,2,able,1,cr7,2,price
3,twitter,2,wednesday,1,chapter,2,hurry
3,bought,2,sorry,1,4,2,httpkckst2l7ets0
3,full,2,try,1,follow,2,introducing
3,totally,2,around,1,u,2,lifetime
3,feel,2,philip,1,everyone,2,guarantee
3,basketball,2,pattison,1,buy,2,basketball
3,actually,2,gina,1,peltonmailbag,2,thinking
3,isnt,2,little,1,bballref,2,hi
3,name,2,interviews,1,reference,2,seasonannual
3,email,2,feature,1,nhttpstcohgz69ipknd,2,work
3,since,2,hi,1,season,2,closing
3,six,2,fill,1,especially,2,whos
3,guardians,2,short,1,putting,2,space
3,galaxy,2,answer,1,bed,2,riot
3,30,2,small,1,brnba,2,amazon
3,short,2,forget,1,educate,2,barnes
3,xtop,2,paste,1,generation,2,noble
3,guys,2,cannot,1,httpstcoskjzlohmwx,2,allages
3,kind,2,30,1,billsimmons,2,stay
3,cover,2,strongerthanfear,1,cant,2,yeah
3,robyn,2,team,1,knowing,2,todaynhttpstco5qhlemrvo0
3,seeing,2,asking,1,larry,2,take
3,creators,2,tune,1,legend,2,vanessa
3,whole,2,dreamoutloudfilm,1,httpstcoxtskc6qsna,2,thread
3,sense,2,nim,1,soccerisart,2,sequel
3,beyond,2,thursday,1,thompsonscribe,2,heres
3,seven,2,london,1,never,2,posting
3,went,2,east,1,enough,2,twitter
3,sleep,2,west,1,bball,2,larryewattsart
3,maybe,2,ask,1,books,2,open
3,open,2,photos,1,danleydon,2,spread
3,preorder,2,thelonious,1,shea,2,word
3,album,2,monk,1,serrano,2,projects
3,songs,2,jazz,1,retweet,2,personalized
3,robbertopoli,2,came,1,mrjakeparker,2,writing
3,everything,2,edge,1,used,2,aspiring
3,came,2,playing,1,youtube,2,down
3,across,2,cards,1,videos,2,dollars
3,americanmytho,2,spread,1,bunch,2,72
3,equilibrium,2,word,1,set,2,12am
3,shops,2,coming,1,far,2,8
3,reading,2,without,1,thanksnhttpstcohgz69ipknd,2,including
3,8,2,vs,1,coach,2,six
3,listen,2,winner,1,pop,2,entire
3,without,2,vote,1,sneak,2,156page
3,thread,2,reddit,1,peak,2,missed
3,tonight,2,conversation,1,httpstco34rakjqt1e,2,ordering
3,flower,2,last,1,jameslittlejuan,2,through
3,https,2,hypothermic,1,httpstcof,2,break
3,tuned,2,reached,1,httpstcokqsjhu5qqb,2,let
3,working,2,fifth,1,illustrated,2,choose
3,months,2,clan,1,using,2,wattsnni
3,writing,2,suggestions,1,stars,2,fun
3,shop,2,happening,1,httpstco8d9rbrccrw,2,sitting
3,whose,2,shown,1,hits,2,2000s
3,artwork,2,wait,1,httpstcobgvalzw6yp,2,moment
3,raising,2,step,1,dedicating,2,successful
3,allornothing,2,funding,1,goat,2,case
3,subversive,2,truly,1,many,2,almost
3,weirdness,2,launching,1,httpstcocwufliiczr,2,granfors
3,shell,2,yesterday,1,rachelbrady,2,half
3,fullcolor,2,mrsh11,1,sportsloving,2,local
3,granfors,2,janeh271,1,httpstcoj3s8b7p4ws,2,had
3,may,2,flc,1,dawkinsmta,2,concept
3,game,2,thebooksatchel,1,teach,2,couldnt
3,con,2,does,1,history,2,myself
3,andrewschulz,2,andyswan,1,httpstco9vcjsak9k3,2,hired
3,seems,2,unclebeefy,1,byjordanowen,2,illustrate
3,such,2,jneary,1,httpstcovv0bziuziy,2,calling
3,perry,2,raquelita,1,lakersnation,2,variantnnfeaturing
3,song,2,appreciate,1,httpstco1mih9pavq0,2,villains
3,die,2,own,1,readpadre,2,gogo
3,till,2,katieeel,1,nba,2,feral
3,backers,2,mslierre,1,abcs,2,splat
3,orion,2,kendracp,1,take,2,jekka
3,needs,2,mamareadsblog,1,details,2,splathunting
3,wonder,2,memoryletters,1,blog,2,printednnthe
3,polly,2,aggiearmstrong,1,shipleyillustrati,2,contents
3,yourself,2,double,1,dadsroundtable,2,exact
3,difference,2,tap,1,essential,2,same
3,enthusiastic,2,mercy,1,httpstcoou9i0nqqgc,2,difference
3,8500,2,klancehole,1,dadatworknj,2,standard
3,earth,2,stream,1,httpstcoxfjxnlhsom,2,pretty
3,mothman,1,involved,1,markjonesespn,2,version
3,chupacabra,1,praise,1,mark,2,booknnnow
3,reach,1,worthy,1,infinitely,2,ways
3,composer,1,inspired,1,httpstcoczllu4exsv,2,thisnn
3,australian,1,name,1,lakersreporter,2,previous
3,happy,1,devin,1,laireland,2,stickers
3,compassion,1,sherman,1,httpstcotehswtdb4x,2,setnn
3,wolfe,1,movie,1,lisachavarria,2,items
3,powerful,1,inspire,1,httpstcoi7fvqdoqe8,2,arent
3,drink,1,gods,1,treykerby,2,contact
3,shaw,1,reinvigorate,1,shelf,2,manually
3,puseljic,1,find,1,httpstcoxv0onqwjsm,2,without
3,bit,1,works,1,jaimemaggio,2,losing
3,yet,1,nnhttpswwwkickstartercomprojectsparagonfound12dayswithgodrefusermenu,1,httpstcokljwjnbjez,2,havennwe
3,sam,1,apex,1,tamarajolee,2,53
3,featuring,1,wallet,1,httpstcoytytzlwmcm,2,commentsnnpledge
3,meeting,1,20,1,spread,2,nnkickstarter
3,experiences,1,friend,1,sagesteele,2,httpbitlyclonstersnnwere
3,23,1,either,1,httpstcoixc9t2z0uc,2,printed
3,bunch,1,httpkckst2l7ets0,1,httpstco2vhxu0t7fw,2,matte
3,september,1,httpstcoewqes3c59j,1,mavsfansforlife,2,stock
3,perren,1,ialimughal,1,abc,2,relieving
3,classical,1,httpstcohgp8ossrwd,1,e,2,stressnn
3,gig,1,wirejunky,1,httpstcorezwaivdbe,2,existing
3,explores,1,httpstcomdtc3nrndf,1,traciesnowder,2,ordernnim
3,between,1,pollardzack,1,httpstcob7evbt2p34,2,pricing
3,festival,1,ago,1,summerson,2,excited
3,t,1,strong,1,another,2,bring
3,celebrate,1,grab,1,alley,2,think
3,u2fans,1,yourself,1,cameron,2,readers
3,moments,1,https,1,httpstcoju3vioooym,2,donnwere
3,teaser,1,daiwa79,1,jmoney3334,2,nownhttpbitlyclonsters
3,lim,1,nnhttpstco1bkhlngkgw,1,httpstcoiirv8kxesp,2,ingranatannstay
3,very,1,httpstcohtlnp5rvit,1,msullivanfrench,2,printsnnpledge
3,tour,1,trejertson,1,httpstcotubjxw8wwk,2,nhttpbitlyclonsters
3,gretchen,1,fast,1,zdog223,2,ingranatas
3,roy,1,once,1,zdog,2,mediannwe
3,fabio,1,sent,1,gotta,2,draws
3,baker,1,chuckhellebuyck,1,song,2,wicked
3,barry,1,pokonnurdspace,1,httpstcomnncaqrvyz,2,cindy
3,paco,1,amiedoubled,1,httpstcov9n2gpvlba,2,hes
3,evey,1,makersmuse,1,s,2,superhero
3,windmill,1,realsexycyborg,1,bday,2,horror
3,group,1,dajuicymoose,1,celebrate,2,herennpledge
3,put,1,barnacules,1,backing,2,happy
3,community,1,tinkercad,1,httpstco49l32lqhr1,2,gotten
3,dreamoutloudfilm,1,cancelled,1,gwenckatz,2,overnight
3,said,1,astroboxtouch,1,last,2,originally
3,history,1,react,1,starring,2,phoenix
3,another,1,httpstconvxyp5bquc,1,monstersnnhttpstcoct,2,publishings
3,hamsters,1,afro3dp,1,cats,2,friday
3,simple,1,fact,1,httpstco49l32m7tfb,2,confident
3,leather,1,water,1,cafterconn,2,96
3,tveskg,1,sinks,1,congratulations,2,awaynnpledge
3,collection,1,boy,1,meeting,2,soon
3,svend,1,ssrjazz,1,isnt,2,goalnnmjau
3,gorm,1,shell,1,end,2,issue
3,denmark,1,benchys,1,110,2,whole
3,meaningful,1,vocabulary,1,120200,2,pairs
3,offers,1,fail,1,creatorsunite,2,daynnpledge
3,httpswwwkickstartercomprojects588473275jewelleryforthejourney,1,bradlab,1,cmon,2,printsnbitlyclonsters
3,morning,1,didnt,1,folks,2,nnfor
3,learn,1,shore,1,92,2,pokmon
3,joshsternberg,1,hellhound604,1,48,2,arennall
3,google,1,3dkitbash,1,justkickstart,2,printsnnfundclonstersnnpledge
3,target,1,melt,1,doubt,2,yissssss
3,thebooksatchel,1,lastchancecraft,1,usd,2,passed
3,gothamist,1,receiving,1,949,2,indie
3,colettearrand,1,infrequent,1,collect,2,donnpledgenhttpbitlyclonsters
3,raquelita,1,updates,1,httpstcoafzxor6kc5,2,150
3,ideas,1,astroprint,1,artiststan,2,evil
3,double,1,httpstcoopvsv5fjg3,1,nicest,2,specific
3,tap,1,rpi3,1,creators,2,goes
3,lenalevuki,1,feinben,1,ever,2,nnthis
3,craftbattlekit,1,lulzbot3d,1,pros,2,cannnhttpswwwkickstartercomprojects248241887clonstersanallagesadventurecomic
2,devin,1,happened,1,pro,2,hopes
2,moment,1,considering,1,waves,2,injecting
2,burns,1,never,1,pats,2,later
2,colors,1,case,1,clonst,2,trending
2,sayin,1,sounds,1,backerbroz,2,kickstarternneveryone
2,firepit,1,httpstcoh1c9dmeyth,1,bakkoosocial,2,rewardsnn
2,burnbabyburn,1,phew,1,blastoffcomics,2,readersnn
2,waxing,1,ticket,1,blastoffs,2,lead
2,slimplistic,1,details,1,wonder,2,character
2,wallets,1,httpstco38xakejc6b,1,woman,2,polly
2,brass,1,guide,1,1968,2,earth
2,hotbrass,1,missing,1,dismay,2,taking
2,spentshells,1,extra,1,disbeliefnhttpstcoaru,2,divennpledge
2,apexwallet,1,wifi,1,outrightgeekery,2,contributing
2,apex2,1,andrewncassidy,1,down,2,contributes
2,metalwallet,1,tomforsyth,1,thewire,2,drop
2,allmetalwallet,1,fioraaeterna,1,httpstco6zehhk80m1,2,chargennplease
2,minimalistwallet,1,streaming,1,httpstcodgusdnk4a2,2,closed
2,cardcase,1,httpstcoemapkuiz5n,1,writes,2,2414
2,indiegogo,1,alejandrbdn,1,novels,2,third
2,frontpocketwallet,1,akirasan,1,year,2,grinding
2,tactical,1,obstecnologica,1,httpstcocasl0pa8bg,2,halt
2,tacticool,1,si,1,httpstco0akgl20i6x,2,steadily
2,everydaycarry,1,necesitis,1,networking,2,hope
2,newandimproved,1,ayuda,1,important,2,brand
2,whatsinyourpocket,1,aqu,1,writing,2,weekend
2,exclusively,1,estamos,1,httpstcohfhkita5mg,2,pledgers
2,yours,1,julieplec,1,kevincuffe,2,rewardsnnand
2,offer,1,httpstcoj2oome5zpc,1,httpstcovnkp4fzkaw,2,endsnncome
2,15,1,teach,1,artist,2,nownhttpswwwkickstartercomprojects248241887clonstersanallagesadventurecomic
2,stretch,1,httpstcojvkawksffu,1,nnpledge,2,become
2,goals,1,internet,1,kickstarternhttpst,2,flatwoodsmonster
2,announced,1,netneutrality,1,shouldnt,2,own
2,3dkitbash,1,tool,1,afraid,2,phenomenal
2,astroboxtouch,1,ajitpaifcc,1,httpstcop2xizdjzsk,2,tomlinson
2,contest,1,shar,1,proudly,2,violin
2,win,1,httpstcohmv231shxa,1,httpstcofap63bawma,2,compassion
2,astroprint,1,print,1,fund,2,quartet
2,vs,1,disneypixars,1,friday,2,1700
2,obviously,1,walle,1,httpstcogm1jmfhr3d,2,line
2,damn,1,httpstco8hb3fe1by4,1,httpstcoxgdw638d17,2,chip
2,pens,1,httpstcoviaiioeo1r,1,spartantown,2,mitchell
2,comes,1,wjsteele,1,final,2,piano
2,students,1,fyi,1,daysnkickstarter,2,kieran
2,partially,1,x,1,shandvanessa,2,welch
2,become,1,astrobox,1,plotting,2,viola
2,p,1,touches,1,zenescope,2,ben
2,thinking,1,makerspace,1,career,2,heim
2,form,1,school,1,httpstcoteuvnzcqiz,2,electronics
2,robb404,1,behalf,1,httpstcoplpdemtzdb,2,nico
2,negative,1,httpstcomtumc8frkl,1,8pm,2,muhlys
2,backer,1,kiteaton,1,est,2,alongside
2,baby,1,mizwithers,1,guest,2,hypnotic
2,joeltelling,1,ps,1,michaeldolces,2,visuals
2,took,1,moonlighting,1,secrets,2,chris
2,james,1,rap,1,sire,2,violas
2,comey,1,kaeltis,1,podcast,2,adventurous
2,try,1,diy,1,info,2,world
2,thejatmn,1,kit,1,httpstcoz5djdd7h34,2,stunning
2,print3dchannel,1,betaspring,1,hoytsilva,2,supporters
2,amazonhelp,1,darrengriffin,1,httpstco6q94vfcljd,2,younnphoto
2,buy,1,realdonaldtrump,1,alert,2,radio
2,relax,1,darren,1,taking,2,recomposed
2,itll,1,literally,1,clay,2,ok
2,improve,1,after,1,inspirations,2,challenge
2,development,1,tweet,1,httpstcomadstqmqxq,2,9k
2,worse,1,3dprintedpanda,1,doing,2,meet
2,running,1,pierre,1,frontline,2,nwwwdreamoutloudfilmcom
2,added,1,piraxchild,1,930pm,2,community
2,called,1,danzca6,1,stay,2,telling
2,locked,1,printrbot,1,tuned,2,small
2,problem,1,kind,1,social,2,video
2,deals,1,words,1,media,2,backing
2,shipping,1,101westbroadway,1,httpstcoxqagfrnl6b,2,til
2,prices,1,thevinesandiego,1,frontlinelive,2,asking
2,sell,1,origamifreak247,1,depth,2,nnto
2,marcusmarritt,1,httpstcoxa4tdtlnfz,1,herennfundclonstersnnhttpstcop2mcky7oca,2,dedication
2,bad,1,3dhubs,1,miss,2,song
2,orders,1,noe,1,httpstcoj,2,play
2,trump,1,inspiration,1,crodent5,2,dreamoutloud
2,jstone12,1,printing,1,httpstcopvz26bblx2,2,u2fanfilm
2,finished,1,wirekat,1,dirkmanning,2,opportunity
2,extra,1,kevin,1,running,2,include
2,hebrewhurricane,1,aniwaa3d,1,stjepansejic,2,estnnhttpswwwkickstartercomprojects1939724193gyratinghamsters
2,drawing,1,abuzzdesigns,1,signal,2,reached
2,sharing,1,yesimade3d,1,boost,2,buy
2,throughout,1,ddhedder,1,campbellletters,2,able
2,possible,1,heather,1,httpstcourztnbkowh,2,sharing
2,title,1,johnbiggs,1,httpstcoiqw0cfinue,2,vs
2,letter,1,gotcha,1,thenerdonline,2,nnhttpswwwkickstartercomprojects1939724193gyratinghamsters
2,mostly,1,becomes,1,httpstconflftxr8ad,2,additional
2,theyll,1,relevant,1,httpstcouhfumlchtw,2,ready
2,choose,1,3dnuts,1,tvmoviesnews,2,gyrate
2,bill,1,joeltelling,1,httpstcocys7pnsi0n,2,escape
2,walton,1,merely,1,tvshowme,2,perks
2,featured,1,holding,1,httpstcod50ou7,2,houdinis
2,making,1,gun,1,read,2,call
2,jeff,1,providing,1,printnnhttpstco6hi5bxne76,2,danish
2,old,1,bullets,1,crowdfundpromo,2,named
2,order,1,httpstcoxsvniq3kqk,1,kickstarterfans,2,harald
2,consters,1,thejatmn,1,bestofkickstart,2,denmark
2,53,1,dustin,1,vikingfist,2,initials
2,httpst,1,neoportnoy,1,ooo,2,runes
2,write,1,r3z0,1,offering,2,meaningful
2,ralphtedesco,1,stephen,1,commission,2,daily
2,azizansari,1,prrainsberry,1,alberrod,2,friend
2,projects,1,grahampheath,1,reward,2,loved
2,errrr,1,graham,1,theramf,2,carmaandconnection
2,mean,1,robb404,1,amazing,2,york
2,tv,1,kidmechano,1,songbirdddd,2,colora
2,nothing,1,myrdinpotter,1,nthis,2,collaboration
2,passion,1,httpstcoe7yf3o6pcb,1,tribute,2,releases
2,novels,1,awesomecrazy,1,ive,2,june
2,artists,1,month,1,donne,2,400
2,passionate,1,surpassed,1,independentcomics,2,nomercygame
2,toward,1,expectations,1,5807,2,1000
2,planning,1,normandielu,1,more,2,900
2,word,1,michaelcgilliam,1,publishednnhttpstcolzhhxhezj2,1,inspired
2,arnold,1,lomcall,1,ericajheflin,1,feature
2,teens,1,brock4broglio,1,httpstcoxgalnnoxtv,1,things
2,populated,1,nickgbaker,1,marclombardi,1,giveaway
2,clay,1,probably,1,wanted,1,gaw
2,exactly,1,refusal,1,sweetlooking,1,multitool
2,fundclonsters,1,croatia,1,nhttps,1,keytool
2,independent,1,wed,1,geekoramadotnet,1,ar15
2,kimmypagnotta,1,costs,1,kickstarterindiegogo,1,garb
2,walk,1,indiv,1,httpstcopu7yl6qdir,1,save
2,mckelvie,1,httpstco2xenr971zs,1,his,1,regular
2,okay,1,85x11,1,clonstersnhttpstcodzijx31wzq,1,running
2,hit,1,mak,1,sfsignal,1,apexwallet
2,adventurous,1,httpstcovqtdweecaz,1,whimsical,1,apex2
2,ryan,1,research,1,httpstco9pgoalewch,1,metalwallet
2,wicked,1,httpstco7rfeq1zf6a,1,chucksuffel,1,allmetalwallet
2,horror,1,ohmgee,1,brand,1,minimalistwallet
2,ladiesofcomics,1,ebencom,1,httpstcoetdijksitd,1,cardcase
2,creating,1,kristyt,1,ogn,1,crowdfund
2,halflight,1,kristy,1,httpstcoklscbcaepv,1,indiegogo
2,comixology,1,nhttpstcogtsqhd03ay,1,httpstcos50k2ywatq,1,frontpocketwallet
2,yesterday,1,nthanks,1,patshandbring,1,tactical
2,august,1,lasts,1,httpstcodzijx31wzq,1,tacticool
2,language,1,finish,1,comiccrusaders,1,badass
2,omg,1,illustrations,1,kickstarteralert,1,everydaycarry
2,cats,1,quite,1,tensider,1,mstrmndcollective
2,develops,1,subject,1,travis,1,impala
2,biggest,1,matter,1,maybe,1,1964impala
2,greatest,1,definitely,1,shell,1,newandimproved
2,anyone,1,jasoncooper,1,family,1,httpstcovwnj1j9ouq
2,gone,1,gotta,1,pets,1,httpstcook4tb9ru5m
2,preview,1,educate,1,sequel,1,they
2,momentarily,1,russell,1,httpstcorvwixnwxnk,1,httpstco5059pqdp9b
2,joining,1,westbrook,1,majorspoilers,1,cards
2,frontline,1,totally,1,httpstcov0k6ksqybe,1,cash
2,vote,1,thought,1,httpstcoyxxugdbpi2,1,secure
2,characters,1,fund,1,hankrea,1,allnew
2,gorgeous,1,coachwaiteud,1,ericthepullbox,1,httpstcon8abtxkzhl
2,solo,1,ryan,1,httpstcogwaxpnuciq,1,httpstcozpbeeon88f
2,convention,1,wev,1,clonstersrock,1,httpstcoyiiqtycqbm
2,half,1,httpstcolaai1v4maw,1,fandompost,1,httpstcoaseigrvjxw
2,destiny,1,reason,1,httpstco3ddpe2hjka,1,33
2,ny,1,jeffharveyart,1,httpstcoq,1,international
2,aw,1,thefootballsc,1,charmedcomicfan,1,updates
2,son,1,msullivanfrench,1,contribute,1,someone
2,writers,1,molly,1,shands,1,httpstcohgz69i7jp3
2,realjaquavis,1,lifelong,1,httpstcoxoizoi9su5,1,httpstco6yiruedm4t
2,episodes,1,httpstcoo3mozhurg4,1,msmarvel34,1,mshipley24
2,follow,1,retweeted,1,head,1,httpstco61tt
2,ericaschultz42,1,success,1,httpstco68cy3ydb00,1,httpstco61ttuhky3q
2,job,1,httpstco9fubuievnm,1,phoenixdpublish,1,wouldve
2,zevallosandrea,1,noahmacmillan,1,httpstcoli6qpecaxh,1,imagined
2,liked,1,scottmcroy,1,jvgray,1,sinca
2,food,1,scottcinatl,1,httpstcodljn6zuixs,1,inastraightline
2,friend,1,tbdaniel15,1,jamesferguson,1,options
2,eventually,1,trent,1,httpstcobcd8igbwtw,1,res
2,pair,1,dad,1,hunterblackcomx,1,illustrations
2,second,1,youll,1,httpstcolodixdc8r7,1,leisure
2,original,1,regardless,1,mrarchigan,1,440
2,u,1,danielgenders,1,httpstcoqfpo6ibmzr,1,needed
2,hood,1,oliverfurze,1,bengrisanti,1,brilliant
2,th,1,oliver,1,httpstcoc2dco0rmlq,1,illustration
2,writer,1,miniborodotcom,1,clonstersnhttpstcozbr8nee0ro,1,soccerinsepiannkickstarter
2,scott,1,philthyart,1,adamwallenta,1,https
2,retweet,1,phil,1,httpstcokugvfga4fn,1,94
2,wouldnt,1,ellsharpdesigns,1,looked,1,shares
2,enormouscomic,1,elliott,1,favorite,1,rts
2,michaelmoreci,1,pretty,1,ton,1,hugely
2,musicboxtheatre,1,finished,1,myowntigereyes,1,appreciated
2,donnie,1,adopt,1,collaborated,1,nnhttpstcor
2,darko,1,buy,1,comicbuzz,1,b
2,reality,1,kids,1,kickstarternhttpstcov0nggt67ynnpatshand,1,baller
2,campaigns,1,author,1,comicbooks,1,500
2,supported,1,fuddlecuddle,1,fellowshipgeeks,1,gonna
2,24,1,rjcaseywrites,1,httpstco80eiwiflly,1,httpstco2o1qks5qko
2,chased,1,rj,1,kickstarternnpledge,1,httpstcoqzmqgf9ddf
2,ferocious,1,jbdotco,1,monstersnnhtt,1,joebooksco
2,feral,1,nightwing2303,1,tredwards2,1,marvel
2,splat,1,jam,1,httpstcoyosajnoeol,1,characters
2,mysteriously,1,excited,1,tfg1mike,1,versus
2,falls,1,httpstcooqtsdoknoe,1,nnhttpstcotaoj1nlx9g,1,intergalactic
2,trance,1,greghudson,1,httpstcopjul5wwwnf,1,alien
2,nnwere,1,greg,1,troybrownfield,1,fascistsnnon
2,keeping,1,solid,1,imminentpressterminalcomics,1,copiesnn
2,secret,1,decisions,1,backers,1,httpstcoq3gevzumpj
2,fresh,1,jaimerodd,1,kill,1,httpstcoswknk8y4uf
2,eyes,1,jaime,1,inclined,1,covernnpledge
2,dark,1,maggionba,1,pa,1,httpstco6gbiv18hjr
2,intricate,1,kyle,1,marvellous,1,54
2,whimsical,1,prefer,1,rehearsal,1,successfulnn
2,comennpledge,1,stressful,1,magazine,1,httpstcowiwui0i9t9
2,nownbitlyclonsters,1,sooo,1,chatting,1,whoa
2,owls,1,joebooksco,1,2017,1,shot
2,consider,1,absolute,1,series,1,7000
2,httpbitlyclonsters,1,collaborators,1,want,1,lt3nn
2,herenbitlyclonsters,1,yooou,1,shout,1,ericaschultz42
2,publication,1,younnpledge,1,wayne,1,2500
2,earlier,1,httpstco271j9r7dmp,1,u2station,1,ages
2,posts,1,tony,1,posting,1,cute
2,nineties,1,lt3333,1,together,1,httpstcogthhf2t0gf
2,adventures,1,deliver,1,each,1,fiance
2,below,1,couldn,1,usnhttpu2stationcomnews201702u2fanslaunchkickstartercampaigntomakefanfilmdreamoutloudphp,1,adventure
2,5000,1,httpstcoxei3clmech,1,philip,1,meets
2,splats,1,booth,1,chambers,1,aaahh
2,bitlyclonsters,1,gooood,1,tour,1,real
2,pat,1,httpstco8bncuj7ywf,1,group,1,monstersnn
2,weeks,1,ahhhhhh,1,creating,1,remaining
2,assistant,1,princessjem4,1,dream,1,2285
2,wizard,1,yessss,1,wwwu2ftcom,1,itnnhttpstco5qhlemrvo0
2,cleveland,1,painfully,1,5,1,comicnnpledge
2,bigfoot,1,constant,1,days,1,httpstcotb4aixb6wj
2,wizardworldcleveland,1,difficult,1,till,1,kickstarternnnew
2,wizardworld,1,httpstcofljw7ofnca,1,day,1,pledgenexisting
2,seas,1,oh,1,u2fans,1,httpstcow7vtrtswqp
2,4th,1,god,1,able,1,robbertopolinnpledge
2,dimension,1,guardians,1,jumping,1,httpstco4j9xibbvmu
2,mon,1,yet,1,challenge,1,httpstcor8arn9n9mw
2,mar,1,ou,1,them,1,httpstcofb1zvx4qoh
2,1p,1,httpstcobl1yz9dnc5,1,happen,1,getsnn
2,est,1,patience,1,tell,1,comicn
2,httpcoghillcartooningcomcryptidcommand2,1,pneafsey,1,february,1,httpstcoqkloryo55n
2,command,1,paul,1,12,1,promise
2,cryptozoology,1,saturday,1,wwwdreamoutloudfilmcom,1,unforgettable
2,httpstcofiknpkfqiv,1,overlordofevil,1,httpwwwatu2blogcomdreamloudfilmhopestellu2fanstories50760utmsourcefeedburnerutmmediumfeedutmcampaignfeed3aatu2blog2840u2blogu2newsanddiscussion29nndreamoutloudfilm,1,booknnpledge
2,hosting,1,liked,1,u2fanfilm,1,2911
2,melbournes,1,van,1,loving,1,again
2,qld,1,helsing,1,gameositys,1,surpass
2,performance,1,write,1,five,1,script
2,compulsion,1,ho,1,supportnnhttpsgameositycom20170609jesssfavfivekickstartersoftheweek6917,1,look
2,maja,1,httpstcodkbdijjce6,1,playtesters,1,offeringnnhttpstco5qhlemjwfy
2,kolac,1,fish,1,reviewers,1,custom
2,premiere,1,oil,1,visiting,1,clay
2,le,1,pills,1,geek,1,sculptures
2,obliquely,1,breath,1,listing,1,httpstcocfdagircnb
2,pulitzer,1,smell,1,rating,1,lt3nnpledge
2,julia,1,goddamn,1,other,1,httpstcovmegk5w0zl
2,incredibly,1,flounder,1,feel,1,debut
2,party,1,happens,1,wish,1,cardinalinpledge
2,caroline,1,says,1,listsnnhttpsboardgamegeekcomboardgame225645gyratinghamsters,1,h
2,perrens,1,rjouttasocal,1,list,1,httpstco26mgpkmvkd
2,brisbane,1,firstlegacycmx,1,backfollow,1,ensure
2,australia,1,close,1,share,1,httpstcoyrmduwv0xy
2,pianist,1,makes,1,gaming,1,sold
2,head,1,difference,1,network,1,5589
2,march,1,usnnhttpstco5qhlemjwfy,1,loves,1,heating
2,donors,1,night,1,then,1,follow
2,killer,1,owls,1,httpstcogsjdc7z4mh,1,stuffnnpledge
2,companions,1,young,1,therkraft,1,httpstcok1dozgtqzp
2,friday,1,reader,1,hunterpence,1,seriesnnpledge
2,cello,1,consider,1,nerd,1,httpstco5ptxagatjl
2,guitar,1,clonstersnnhttpstco5qhlemjwfy,1,rest,1,httpstcodezbb5injh
2,nights,1,zevallosandrea,1,any,1,4page
2,25,1,lt33333,1,gyratinghamsters,1,gar
2,door,1,lt33,1,2,1,httpstcou6badyalwg
2,ensemble,1,captainwavey,1,minute,1,httpstcoouzsoyv8h2
2,software,1,trade,1,video,1,currently
2,seagulls,1,paperback,1,vault,1,5170
2,dj,1,released,1,httpstcoq7ewyrapkq,1,garbage
2,heroes,1,bunch,1,httpstco3jymf5ykn4,1,girlnnpledge
2,held,1,enjoyed,1,httpstcod0qhebsqcw,1,httpstconh4wfqmtdx
2,bar,1,httpstco3a15ln7olx,1,something,1,between
2,government,1,offering,1,httpstcou6oswnlvux,1,facebook
2,arts,1,httpstcogejee72nja,1,bgn3rd,1,5000nnhttpstcobtsdvdqopr
2,funding,1,magsvisaggs,1,httpstcorjhigsdkis,1,httpstcoukan115igv
2,queensland,1,myowntigereyes,1,cost,1,michaeldolce
2,tomlinson,1,songbirdddd,1,congrats,1,tune
2,e,1,address,1,reaching,1,code
2,alex,1,michaeldolce,1,100,1,httpstcooyhujzdrfz
2,guests,1,jonathanlondon,1,havent,1,httpstcola94vjb2x5
2,supporters,1,geekscapedotnet,1,httpstco2259jlxoe4,1,act
2,hang,1,httpstcomwjf1n3rfu,1,most,1,grimm
2,ncheck,1,httpstcoj0xoq0jcmt,1,httpstcowelcf5tty5,1,fairy
2,usnwwwdreamoutloudfilmcom,1,httpstcog2z2hqah94,1,httpstcoqjpiobjjoa,1,tales
2,lives,1,upgrade,1,standardsmanuals,1,judas
2,changed,1,physical,1,design,1,breed
2,hear,1,digital,1,studio,1,joined
2,vertigo,1,level,1,governed,1,httpstcoe9zoyq4wii
2,heard,1,onehour,1,simple,1,kickstarternnfundclonsters
2,shae,1,sesh,1,aesthetic,1,comicsnnpledge
2,traffic,1,continuityent,1,principle,1,httpstcoyv1k0slilx
2,speak,1,cut,1,httpstcotnmnvynopk,1,benefits
2,hour,1,down,1,doubledaybooks,1,cl
2,followed,1,realize,1,obviousstates,1,httpstcodddawxbqrq
2,u2brothr,1,aspiring,1,die,1,customize
2,named,1,afford,1,rewards,1,whatever
2,sully,1,per,1,welcome,1,looking
2,updated,1,session,1,scoutbooks,1,worked
2,schedule,1,httpstcoy8vzifkhh7,1,literary,1,consistently
2,16,1,tonights,1,letterpress,1,httpstcon6i7jduj4n
2,thursday,1,goodnightnnp,1,obviousstate,1,portfolio
2,joined,1,httpstcocj3qviplit,1,httpstcoouzjx4mzao,1,critique
2,watchers,1,boom,1,httpstco5pyyyutddl,1,pitch
2,immediately,1,httpstcoxqv6dykzro,1,igdacincinnati,1,both
2,noise,1,jeffinmassey,1,close,1,creatorowned
2,donations,1,giving,1,finishing,1,wfh
2,winner,1,herenhttpstco5qhlemrvo0,1,h,1,evaluation
2,blinding,1,increased,1,teamlimestrike,1,pitchesn
2,team,1,gave,1,reviews,1,proofingediting
2,hi,1,renewed,1,off,1,noncredited
2,explain,1,sense,1,featured,1,fit
2,realize,1,song,1,team,1,within
2,ks,1,requests,1,httpstcobjtavon4qp,1,hourlong
2,show,1,therenfundclonstersnnpledge,1,httpstcoov60ezxjzi,1,sessions
2,tribe,1,nownhttpstco5qhlemrvo0,1,save,1,threesession
2,times,1,httpstco5qhlemrvo0,1,forest,1,course
2,stand,1,often,1,hacking,1,taught
2,quick,1,lament,1,slashing,1,300
2,lane,1,notes,1,blasting,1,affordable
2,stage,1,apply,1,corrupted,1,indepth
2,gave,1,note,1,creatures,1,levelnnpledge
2,havent,1,pass,1,infesting,1,httpstcofinlewwqtv
2,floor,1,fantasy,1,httpstco9vk7qdd2t8,1,quicklynnjust
2,pulled,1,populated,1,httpstcofq3f0lqhrz,1,51
2,announce,1,sentient,1,indiedev,1,httpstcomquksvljc5
2,gyrating,1,nuggets,1,videogame,1,est
2,does,1,4evr,1,ytandyplays,1,contributor
2,hamster,1,yisss,1,letsplay,1,httpstcoxakvydwso0
2,ipad,1,passed,1,indiegame,1,httpstco5qhlemrvo0
2,newest,1,3k,1,called,1,httpstco06whgpcphm
2,philosophy,1,cool,1,side,1,103
2,spent,1,indie,1,scrolling,1,4500
2,boxing,1,donnpledge,1,nomercygame,1,httpstco3cxmvymbvy
2,decided,1,httpstcocmsljufttf,1,egoraptorgamegrumps,1,httpstco6bapyemlwl
2,surface,1,brianlynch,1,chilling,1,stream
2,instead,1,rocketsandpens,1,wendys,1,upgrades
2,swiss,1,fangirljeanne,1,dublin,1,backstock
2,highquality,1,tinyfauna,1,hang,1,years
2,fit,1,jimmyreyesart,1,after,1,worth
2,dial,1,ralphtedesco,1,talk,1,publishing
2,case,1,jimmy,1,gam,1,httpstco1pgjvvxcrd
2,thin,1,longer,1,httpstcogi1mcpyp2w,1,printsnfundclonstersnnpledge
2,mm,1,edit,1,cbusregion,1,httpstco8kco9mp2rv
2,sizes,1,bet,1,midwests,1,httpstco2n9uirre3u
2,den,1,contact,1,largest,1,artnnwere
2,gamle,1,e,1,gamedev,1,httpstcoi6dcpa0ssw
2,rule,1,httpstcofq9dcygkbr,1,space,1,ten
2,meaning,1,late,1,open,1,means
2,vegetable,1,fundclonstersnnhttpstcobtsdvdqopr,1,sandbox,1,published
2,hand,1,retconning,1,httpstcoaobwql1lig,1,didnt
2,actual,1,httpstcotshaee25eb,1,httpstcohwyb6,1,catch
2,wrist,1,fine,1,had,1,earlier
2,light,1,specialized,1,brawlers,1,posts
2,yogainspired,1,scripts,1,unique,1,info
2,jewellery,1,books,1,borispereira7,1,threadnnpledgenhttpstco5qhlemrvo0
2,discover,1,honest,1,someone,1,hard
2,kicking,1,httpstco62xsbpa8ww,1,say,1,tomorrownnpledge
2,once,1,httpstcoo5bzsw64hw,1,vita,1,httpstcoyoo3isp04c
2,expo,1,httpstcoslqeqe4wlj,1,thought,1,boost
2,kenwheaton,1,answering,1,voting,1,httpstcocishffqcfl
2,cafes,1,tumblr,1,scxcr,1,httpstcoceqlqyxsd6
2,swissmiss,1,robyn,1,diving,1,onennfundclonsters
2,algorithm,1,necessarily,1,headfirst,1,nnpledge
2,ruining,1,straight,1,title,1,httpstcoufhofkonyh
2,color,1,mariannnhttpstcoi1bxqwomro,1,mercynnhttpstcoonjfgrb2cl,1,httpstcoejiplae1e0
2,tiffanyschmidt,1,remember,1,cvolpe,1,fullcolor
2,donald,1,charge,1,kickoff,1,alberrod
2,knows,1,may,1,landgrantbeer,1,slotnnpledge
2,nytimes,1,25th,1,prizes,1,httpstcoz5fybvawcu
2,huffposttech,1,feeling,1,drinks,1,88
2,patrickwyman,1,personally,1,ablegamers,1,goingnnhttpstcobtsdvdqopr
2,recently,1,httpstcolmwwlv2gn1,1,nomercygamenhttpstco9,1,mennhttpstcobtsdvdqopr
2,newyorker,1,srhoades,1,starlightskyes,1,wanted
2,s,1,eyes,1,gonna,1,alternate
2,ours,1,twitter,1,elentori,1,marian
2,philosophybites,1,jvancitters,1,having,1,punk
2,brainpicker,1,httpstcoremlkqs6jr,1,geekbobbage,1,rock
2,strandbookstore,1,whoa,1,no4,1,duo
2,missed,1,npatrickeshandgmailcom,1,weeknno,1,httpstcoepgkxhjo7i
2,lost,1,signal,1,lorne,1,hoodevil
2,behind,1,boosting,1,gamesnhttpstcokr3l87j2ngnmultivarious,1,httpstco3v7pagucci
2,uk,1,mrhorror,1,wow,1,past
2,class,1,amys,1,okay,1,moving
2,dpinsen,1,momentum,1,grant,1,1pm
2,tweet,1,thread,1,kirkhope,1,lovennfundclonsters
2,therippedbodice,1,guysnnhttpstcobtsdvdqopr,1,tweeted,1,httpstcorfoeru5osf
2,bringing,1,mattmanbegins,1,dead,1,fundclonstersnnhttpstcobtsdvdqopr
2,issues,1,mattnnlets,1,httpstcoen1l0ae9du,1,httpstcop4dvzutfod
2,process,1,plan,,,1,2700
2,mantasleephacks,1,island,,,1,yissnnfundclonsters
2,warm,1,food,,,1,httpstco97hhvop0hh
2,n,1,episode,,,1,httpstcoar2rhn9xky
2,ready,1,soon,,,1,pushing
2,jsfacrowe,1,sosgoode,,,1,rewardsnpledge
2,codywuzhere,1,lgwenn,,,1,httpstcowgxmfjxeff
2,mypsvitapl,1,tensider,,,1,patshand
2,gaming,1,travis,,,1,helpnnhttpstc
2,8bitknitwit,1,topcowmatt,,,1,helpnnhttpstcobtsdvdqopr
2,videogame,1,matt,,,1,cracked
2,cghosebiz1st,1,ericthepullbox,,,1,2300
2,columbusif,1,hopefully,,,1,truennhttpstcobtsdvdqopr
2,paxeast2017,1,brand,,,1,anyway
2,monstercat,1,xtop,,,1,bed
1,stares,1,ahhhh,,,1,cancelation
1,neurosurgeon,1,chris,,,1,2k
1,worldnaround,1,2000,,,1,httpstcoh12g5lqbly
1,turns,1,6500,,,1,rtamp
1,blurry,1,httpstco1i5em5yopm,,,1,httpstcoylpwhspvjv
1,haze,1,hunterblackcomx,,,1,pass
1,godn12dayswithgodfilm,1,adamwallenta,,,1,httpstcoocvsfvbjqm
1,paragonfoundproduction,1,larryewattsart,,,1,700
1,begin,1,w,,,1,say
1,shooting,1,gorgeously,,,1,httpstcoiv7ex1ymsx
1,shermans,1,art,,,1,campbellletters
1,hardly,1,vanessa,,,1,destinyny
1,paragonfoundfilms,1,cardinali,,,1,guardians
1,12dayswithgod,1,httpstcomgcnvuup4q,,,1,galaxy
1,slimplisticwallet,1,tredwards2,,,1,thingnni
1,handmadeleathergoods,1,marco,,,1,rolling
1,mstrmndcollective,1,httpstco4eiew44zvk,,,1,itnnpledge
1,rfidproof,1,tfg1mike,,,1,teresa
1,grab,1,geekcastradio,,,1,thisnnkickstarter
1,httpkckst2l7ets0,1,jim,,,1,coloringbook
1,httpstcormtzgsfwgq,1,httpstcokxu5gbll0u,,,1,artprint
1,httpstcop6qgobw45w,1,httpstcowhs338anwi,,,1,onennfor
1,trejertson,1,campbellletters,,,1,todaynnpledge
1,unfortunately,1,troy,,,1,wattsnnwe
1,continuesustain,1,httpstcogwccqcnkec,,,1,thingnnwe
1,low,1,shirleyvet,,,1,realitynnpledge
1,rate,1,tophix,,,1,httpstcociaenvrlor
1,msrp,1,charmedpersempe,,,1,patches
1,httpstcogdsx6xrk9k,1,charmedcomicfan,,,1,httpstcobjybyvmtxi
1,httpstcooza4ulfacy,1,amazon,,,1,1200
1,httpstcoe391guxndr,1,momentarily,,,1,bitlydlkickstarternnour
1,httpstconyqqksrtvc,1,pat,,,1,may
1,nnft,1,shand,,,1,compulsion
1,funnngo,1,joining,,,1,headlined
1,astroboxtouchcom,1,frontline,,,1,australiafirst
1,nn3dprinting,1,broadcastnnfor,,,1,postgenre
1,kickstarternnand,1,theyre,,,1,band
1,fundednnget,1,air,,,1,newspeak
1,gonennhttpkckst2q090tf,1,herennbitlyclonsters,,,1,bands
1,nnps,1,paintynart,,,1,clarinetist
1,post,1,two,,,1,eileen
1,entered,1,raise,,,1,mack
1,touchnn3dprinting,1,4500,,,1,directed
1,hangprinter,1,counts,,,1,composer
1,frameless,1,bitlydlkickstarter,,,1,david
1,httpstcobmpuerq4nl,1,timennthanks,,,1,t
1,httpstco9bslwhgz9e,1,whos,,,1,hear
1,colorfabb,1,generously,,,1,wholl
1,gryffindorforlife,1,raised,,,1,stage
1,pla,1,1500,,,1,soprano
1,colorfabbs,1,friendsnnphoto,,,1,lotte
1,fill,1,armilla,,,1,bettsdean
1,moai,1,quartet,,,1,home
1,statue,1,fallon,,,1,london
1,httpstcoanzyqbfebs,1,performing,,,1,percussionist
1,alleged,1,davidsons,,,1,extraordinaire
1,httpstcotbqn9vlt4q,1,landscape,,,1,internationally
1,httpstcognjwp9mtzl,1,radio,,,1,acclaimed
1,20m,1,rewrite,,,1,alex
1,business,1,2015,,,1,raineri
1,httpstcouflj3ftrzr,1,idam,,,1,pianist
1,fad,1,adam,,,1,yena
1,define75702328,1,wwwkickstartercomprojectsdotsandloopsbrisbanedotsloops2017nndotsloops,,,1,choi
1,nice,1,compassion,,,1,anam
1,mclarenf1,1,season,,,1,fellow
1,uses,1,concert,,,1,gemma
1,f1,1,exclusive,,,1,cello
1,racing,1,donors,,,1,guitarist
1,httpstco4cd0yqz9de,1,celebrate,,,1,joe
1,stratasys,1,mexico,,,1,fallon
1,httpstcosqgffgyl4a,1,8k,,,1,marvellous
1,scientists,1,goalnle,,,1,pankhurst
1,3dprinted,1,damos,,,1,drums
1,objects,1,las,,,1,1200chip
1,shape,1,gracias,,,1,donation
1,httpstcomubczy9s8p,1,mis,,,1,secures
1,httpstcor2snepvyey,1,amigos,,,1,drink
1,prison,1,en,,,1,food
1,sentence,1,la,,,1,picturedn
1,selling,1,ciudad,,,1,connordnetto
1,guns,1,de,,,1,counts
1,cnc,1,mxico,,,1,bitlydlkickstarternnif
1,mill,1,nwe,,,1,nows
1,httpstcoh3nlzxdwfy,1,15,,,1,honoured
1,httpstcogme0388qic,1,40,,,1,received
1,failedprintfridays,1,wonderful,,,1,part
1,httpstcowku45kjlvh,1,associated,,,1,aheadnnphoto
1,httpstcoyhuerentf2,1,north,,,1,perren
1,underrated,1,side,,,1,23
1,owning,1,18500,,,1,processnnthank
1,worth,1,agree,,,1,common
1,comments,1,nnwhy,,,1,events
1,httpstcofsrfmk13ig,1,kick,,,1,really
1,predictions,1,sometimes,,,1,feeling
1,healthcare,1,hectic,,,1,photo
1,reconstructive,1,heard,,,1,henry
1,prosthetics,1,swamped,,,1,justo
1,httpstcouaucdkzomc,1,phone,,,1,sariah
1,pitched,1,hopes,,,1,xu
1,living,1,folks,,,1,robert
1,valve,1,asked,,,1,davidsons
1,meowterspace,1,convey,,,1,arch
1,allaboutcode,1,apologies,,,1,delay
1,dual,1,eye,,,1,2016
1,extruder,1,special,,,1,monique
1,limited,1,interview,,,1,bartkowiak
1,upload,1,member,,,1,brisbanennnonsemble
1,pre,1,mccormick,,,1,perrens
1,httpstcowaswsrc8qq,1,teaser,,,1,fibreglass
1,ucsd,1,toldnwe,,,1,forestry
1,satellite,1,wwwdreamoutloudfilmcomnthank,,,1,qagoma
1,rocket,1,roy,,,1,concerts
1,engine,1,neal,,,1,countsnnheres
1,components,1,chambers,,,1,violinist
1,moon,1,evey,,,1,courtenay
1,httpstcouynwzl1fit,1,sully,,,1,cleary
1,httpstcoucy3omgaym,1,baker,,,1,warming
1,sites,1,peace,,,1,presenting
1,wildwest,1,fabio,,,1,n
1,ponzi,1,amadei,,,1,bitlydlkickstarternnthanks
1,scheme,1,francisco,,,1,generous
1,httpstcoe5vckwpucw,1,ramrez,,,1,halfway
1,andrewncassidy,1,paco,,,1,party
1,tomforsyth,1,alex,,,1,judd
1,fioraaeterna,1,cloe,,,1,greensteins
1,indeed,1,amanda,,,1,others
1,neweggservice,1,mccune,,,1,teach
1,aarondiazchavez,1,rob,,,1,ourselves
1,litecoin,1,nardone,,,1,seven
1,newegg,1,imagine,,,1,soloist
1,alizardx,1,hundred,,,1,julia
1,chenoehart,1,cinematic,,,1,doukakis
1,houses,1,4k,,,1,conductor
1,httpstcoyifo826ta7,1,weaved,,,1,jenni
1,castles,1,90,,,1,barnard
1,cement,1,minute,,,1,nee
1,buildings,1,documentary,,,1,thomson
1,chrisrostswag,1,herelets,,,1,4000
1,elonmusk,1,takes,,,1,head
1,elon,1,rounds,,,1,brisbane
1,7d,1,heads,,,1,youll
1,heylookitsanerd,1,heading,,,1,armas
1,datboidinkle,1,nn,,,1,bryce
1,themeatly,1,nnive,,,1,dessners
1,argue,1,challengennchallenge,,,1,aheym
1,artespecially,1,n1,,,1,rewrite
1,httpstcohxn3ehrfin,1,n2,,,1,2015
1,spirit,1,piece,,,1,idam
1,busy,1,paper,,,1,adam
1,building,1,creative,,,1,bitlydlkickstarternndj
1,product,1,n3,,,1,airport
1,manufacturing,1,nominate,,,1,slato
1,deliver,1,n4,,,1,bitlydlkickstarternnheres
1,thehotend,1,tag,,,1,flashback
1,schwifty,1,unofficial,,,1,kyla
1,ft,1,inside,,,1,matsuuramiller
1,httpstconvxyp4uf62,1,blinding,,,1,orchestras
1,httpstcotlmhseu5td,1,lights,,,1,jawdropping
1,blind,1,appear,,,1,performance
1,parents,1,nn5,,,1,max
1,httpstcod6stynqyt3,1,above,,,1,richters
1,httpstco21ltq3zmom,1,participate,,,1,vivaldi
1,joint,1,shh,,,1,queensland
1,replacement,1,wont,,,1,gallerygallery
1,kansas,1,nni,,,1,modern
1,metro,1,december,,,1,process
1,woman,1,added,,,1,socalsal82
1,httpstcovly0nf3tel,1,5700,,,1,3800
1,httpstcooyu4cuswry,1,single,,,1,under
1,gfuelenergy,1,backer,,,1,4k
1,httpstcoifx34rwaal,1,supporter,,,1,hour
1,faster,1,continue,,,1,gmt
1,realdonaldtrump,1,hearing,,,1,35k
1,httpstco8fl7gsdqgz,1,mixlr,,,1,5k
1,httpstcoaiumj1w4g3,1,wwwfacebookcomgroupsu2fanstour,,,1,incredible
1,layeronelabs,1,planned,,,1,usnwwwdreamoutloudfilmcom
1,calibration,1,12th,,,1,met
1,huh,1,part,,,1,everyonenu2fans
1,evaremess,1,needed,,,1,issued
1,httpstcoyua3yslj9g,1,u2fanstourgroup,,,1,match
1,mothership,1,exciting,,,1,challengen
1,mampms,1,plans,,,1,13k
1,pipes,1,stepped,,,1,36
1,burningems,1,moment,,,1,latest
1,httpstcop4o8uwqqcq,1,reply,,,1,u2andcoffee
1,announces,1,ni,,,1,asks
1,httpstcosaiesj6sdu,1,budget,,,1,nnwe
1,general,1,encourage,,,1,collected
1,fabb,1,behind,,,1,doesnt
1,fabbaloo,1,youndreamoutloudfilm,,,1,terrible
1,simplifies,1,took,,,1,shame
1,httpstcofib46uu8qx,1,start,,,1,deserves
1,raspberrypi,1,minenthis,,,1,told
1,core,1,taken,,,1,shine
1,choschiba,1,institute,,,1,15000
1,neoportnoy,1,king,,,1,u2ersnn
1,overtime,1,rehearsing,,,1,httpwwwu2andcoffeecomdreamoutloudutmsourcedlvritutmmediumtwitterutmcampaignmadfl3anndonate
1,httpstco6jgnudwhr9,1,comes,,,1,14k
1,hmmmmm,1,town,,,1,filmnwwwdreamoutloudfilmcom
1,httpstcohlmezsrz9k,1,musician,,,1,60
1,able,1,house,,,1,25000
1,worked,1,rehearse,,,1,europe
1,antonalfy,1,legends,,,1,welcome
1,brfootball,1,shorter,,,1,ask
1,httpstcoabbbvd86zs,1,jr,,,1,ngo
1,glavahead,1,herbie,,,1,wwwu2ftcom
1,crammed,1,hancock,,,1,filming
1,54,1,ringed,,,1,steps
1,adding,1,stage,,,1,towards
1,point,1,bono,,,1,testimonials
1,ronniedelcarmen,1,kept,,,1,dedications
1,paul,1,teasing,,,1,involvedntoday
1,felix,1,used,,,1,loudndreamoutloud
1,tarzan,1,lovetown,,,1,nwe
1,1999,1,momentnnnow,,,1,usnnif
1,disney,1,storiesndreamoutloudfilm,,,1,during
1,httpstco4hfnzqpv4c,1,promo,,,1,nyou
1,getspectrum,1,july,,,1,web
1,peoples,1,22,,,1,wwwu2ftcomnntogether
1,home,1,european,,,1,history
1,ridiculous,1,catch,,,1,onnu2fans
1,httpstcocvecawrdyv,1,wwwtheu2tributeukcom,,,1,tribenu2
1,dang,1,theu2tributeuk,,,1,team
1,holding,1,fbcomu2covers,,,1,commemorate
1,putting,1,january,,,1,creating
1,upgrading,1,26,,,1,wall
1,os,1,mendreamoutloudfilm,,,1,honor
1,yosemite,1,thisndreamoutloudfilm,,,1,website
1,cintiq,1,calling,,,1,listed
1,httpstco71vftznlef,1,fansngo,,,1,testimonial
1,download,1,todaynndreamoutloudfilm,,,1,montage
1,drivers,1,battle,,,1,record
1,wacom,1,hero,,,1,personal
1,website,1,handbag,,,1,along
1,wrapper,1,pagenhttpswwwkickstartercomprojects1939724193gyratinghamsters,,,1,request
1,cupcake,1,campaignnnhttpswwwredditcomrboardgamescomments6g9ahulast2daysgyratinghamstershasunlockedtherefsharerefsourcelink,,,1,u2andtributebands
1,smh,1,ten,,,1,mixlr
1,httpstcoez366jfinw,1,hot,,,1,valentines
1,ellsharpdesigns,1,sauce,,,1,14nnfor
1,spursofficial,1,below,,,1,sure
1,spurs,1,choicennif,,,1,tournnsupport
1,illustration,1,waiting,,,1,u2fanstourgroup
1,alextruica,1,httpswwwkickstartercomprojects1939724193gyratinghamsters,,,1,change
1,httpstco1mgggr3mln,1,declared,,,1,learn
1,spread,1,included,,,1,visit
1,wordnhttpstcohgz69ipknd,1,input,,,1,everyonenplease
1,wrldsoccershop,1,opportunities,,,1,links
1,messi,1,meantime,,,1,filmntomorrow
1,scores,1,comments,,,1,january
1,500th,1,sections,,,1,post
1,fcbarcelona,1,nnhttpswwwkickstartercomprojects1939724193gyratinghamstersrefdiscovery,,,1,photos
1,elclasico,1,voting,,,1,moments
1,32,1,backergenerated,,,1,therenndreamoutloudfilm
1,legend,1,hidden,,,1,linen
1,httpstcoaxd0h0l86w,1,addition,,,1,1k
1,jonathan0424197,1,names,,,1,supported
1,jameslittlejuan,1,starting,,,1,throughout
1,q,1,h,,,1,hits
1,question,1,todaynnhttpswwwkickstartercomprojects1939724193gyratinghamsters,,,1,retail
1,ai,1,throughout,,,1,market
1,worldwidewob,1,hands,,,1,core
1,bahhahahahhaha,1,younnnext,,,1,release
1,deandre,1,goals,,,1,mystery
1,jordan,1,backersnnhttpswwwkickstartercomprojects1939724193gyratinghamstersrefdiscovery,,,1,wont
1,gordon,1,social,,,1,family
1,hayward,1,unlocked,,,1,nncampaign
1,defense,1,250,,,1,48
1,straight,1,shares,,,1,estnhttpswwwkickstartercomprojects1939724193gyratinghamsters
1,filiperaic,1,ks,,,1,harlequin
1,pricing,1,unlocking,,,1,holiday
1,httpstcoeujtu1ev5e,1,generated,,,1,comment
1,markwhyy,1,continued,,,1,choicennwere
1,countries,1,spreading,,,1,helen
1,httpstcof2axdlqxcn,1,wordnnhttpswwwkickstartercomprojects1939724193gyratinghamstersrefdiscovery,,,1,allows
1,nickgbaker,1,75,,,1,blindly
1,c,1,weekend,,,1,players
1,cooking,1,always,,,1,hands
1,httpstcohgz69ipknd,1,gyrate,,,1,nnwere
1,httpstcoyk8t7uc4bk,1,onnnhttpswwwkickstartercomprojects1939724193gyratinghamsters,,,1,chaos
1,coachwaiteud,1,httpstcoopgprfskkg,,,1,hottest
1,branch,1,date,,,1,games
1,sports,1,drop,,,1,bonus
1,soccer,1,httpstcob8vcm8mc7x,,,1,content
1,myself,1,in2thereview,,,1,byn1
1,precedence,1,httpswwwfacebookcomgroups1398091323535067,,,1,postn2
1,httpstcof1fp17gts4,1,16,,,1,suggest
1,executive,1,marks,,,1,name
1,arent,1,half,,,1,ks
1,pissed,1,271,,,1,commentn3
1,finds,1,130,,,1,tag
1,library,1,nnhttpkckst2qm1pwl,,,1,gamer
1,congress,1,grateful,,,1,friendsnhttpswwwkickstartercomprojects1939724193gyratinghamsters
1,pres,1,within,,,1,combo
1,hell,1,younnthis,,,1,fully
1,narrow,1,better,,,1,edge
1,topshelfra,1,hoped,,,1,seats
1,enough,1,finalize,,,1,95
1,room,1,rule,,,1,counting
1,majority,1,text,,,1,excitednnhttpswwwkickstartercomprojects1939724193gyratinghamstersrefdiscovery
1,emails,1,lady,,,1,thankful
1,sent,1,tigernnarrive,,,1,alreadynnhttpswwwkickstartercomprojects1939724193gyratinghamstersrefdiscovery
1,workofmark,1,peter,,,1,cardgame
1,easier,1,person,,,1,httpstcop3rcbqx7da
1,places,1,blue,,,1,httpstcobqyst9xp63
1,monkeysilog,1,beard,,,1,hangten
1,depend,1,jump,,,1,hotsauce
1,httpstcopvca2a22xq,1,jellybean,,,1,nnif
1,larry,1,shirt,,,1,waiting
1,johnson,1,farnnlet,,,1,httpstco0ulgc1vctn
1,grandma,1,ncan,,,1,boardgames
1,hard,1,nits,,,1,cardgames
1,narrowing,1,yay,,,1,boardgamegeek
1,httpstcovt0qgambhd,1,meaningful,,,1,gamenight
1,thefootballsc,1,jewellery,,,1,nhttpstcop3rcbqx7da
1,disclosure,1,production,,,1,houdiniopolynyou
1,httpstcod87uywvzcx,1,massive,,,1,funnhoudiniopoly
1,coach,1,supporters,,,1,kickstarternhttpkckst2ixhchp
1,pop,1,advantage,,,1,board
1,httpstco9fubuievnm,1,onetime,,,1,gamenhoudiniopoly
1,httpstco7ujlaozylv,1,offers,,,1,kickstarternnhttpkckst2ixhchp
1,noahmacmillan,1,pressed,,,1,gamennhttpswwwkickstartercomprojects1726279887houdiniopolyfunexcitinglegendandmagicherobrefkicktraqi
1,hasnt,1,big,,,1,houdini
1,roheezy,1,green,,,1,museumnthanks
1,gabbarbero7,1,button,,,1,nour
1,ultimate,1,curious,,,1,beer
1,alphabet,1,studio,,,1,barrel
1,httpstcolnd62pqwyg,1,began,,,1,eye
1,treykerby,1,inspires,,,1,milk
1,ones,1,jessicapippin,,,1,hoping
1,jeemtheater,1,berkleypub,,,1,media
1,marcelluswiley,1,owlcrate,,,1,extra
1,sqschroeder,1,rkambury,,,1,ideas
1,sadly,1,akamami,,,1,included
1,nervous,1,ecmccourt,,,1,text
1,attempt,1,amerbanker,,,1,email
1,spell,1,gretchenlembach,,,1,positive
1,correctly,1,bpucino,,,1,feed
1,brett2814,1,senbobcasey,,,1,outnnhttpswwwkickstartercomprojects1726279887houdiniopolyfunexcitinglegendandmagicherobrefkicktraq
1,reward,1,sweptawaybbooks,,,1,projectnhttpswwwkickstartercomprojects17262798871894009595token02390194
1,remains,1,truth,,,1,29
1,wo,1,amyfeezor,,,1,leftnit
1,httpstcoealljrljj6,1,jonathanjbower,,,1,month
1,knuttles,1,thrilled,,,1,forever
1,shocked,1,lostncheeseland,,,1,27
1,maravich,1,bookshopqueens,,,1,nthe
1,blurb,1,magpieyouhid,,,1,kickstarternnhttpkckst2qm1pwl
1,httpstcok737rm2iqo,1,foundmademodern,,,1,22nexclusively
1,inastraightline,1,notetosarah,,,1,production
1,longstorylonger,1,nbcsnl,,,1,run
1,immortal,1,louisemensch,,,1,features
1,appearance,1,bookseller,,,1,founders
1,novelist,1,online,,,1,edition
1,r,1,bampm,,,1,engraving
1,httpstcor3p3obx5ht,1,k,,,1,cherish
1,httpstcoo6gccgr8z3,1,dick,,,1,design
1,preordered,1,edition,,,1,heritage
1,httpstcobusdszpce3,1,httpstco5x3udhcbnx,,,1,watches
1,yessss,1,doubledaybooks,,,1,kings
1,crooks,1,victoriareads,,,1,gorm
1,httpstcovjzfuh3feu,1,karunaresidency,,,1,svend
1,leftnnhttpstco,1,davidfrum,,,1,lived
1,leftnnhttpstcootfpjszyma,1,sbauerap,,,1,introduction
1,reeemily,1,speakerryan,,,1,arabic
1,words,1,question,,,1,letters
1,news,1,businesses,,,1,engraved
1,sad,1,elses,,,1,nnfun
1,frightening,1,platform,,,1,fact
1,monstersnn,1,burned,,,1,collapse
1,intensely,1,contro,,,1,bltand
1,dense,1,httpstco3vhtif40rr,,,1,bluetooth
1,outlines,1,labor,,,1,logo
1,character,1,bradford,,,1,transferring
1,plot,1,witanddelight,,,1,technology
1,beats,1,stick,,,1,him
1,dialogue,1,crowdfundcentre,,,1,apparently
1,notes,1,jack,,,1,symbolising
1,httpstcoqnztkw2b3p,1,bea,,,1,his
1,ilny,1,selwynssanity,,,1,skills
1,dope,1,mashreads,,,1,bringing
1,misty,1,strandbookstore,,,1,people
1,eyed,1,jenr501,,,1,14nexclusively
1,dude,1,redlinereno,,,1,lars
1,emily,1,sarah,,,1,bookbinders
1,httpstcobvk37ixt7b,1,eatdrawrepeat,,,1,press
1,shut,1,artpulp,,,1,leather
1,itnnhttpstco5qhlemrvo0,1,48,,,1,strap
1,tiring,1,httpstcozhuldvtdzc,,,1,personalise
1,duration,1,annstreetstudio,,,1,specifically
1,httpstcotv1vtqptlc,1,gorgeous,,,1,tabletop
1,cardinalinnpledge,1,pamelapaulnyt,,,1,gaming
1,nownhttpstco5qhlemrvo0,1,lithub,,,1,highquality
1,httpstcofiavloe00f,1,groveatlantic,,,1,shirts
1,powered,1,chaos,,,1,designs
1,mission,1,missed,,,1,gamers
1,statement,1,yours,,,1,typesnnhttpswwwkickstartercomprojectspeterchaywardjellybeanshirtscolorfulclothingforboardgamerref43r271
1,raised,1,closing,,,1,journey
1,production,1,american,,,1,customers
1,literal,1,mind,,,1,onetime
1,rockos,1,allan,,,1,discounted
1,emotion,1,bloom,,,1,oneoff
1,grew,1,youd,,,1,partner
1,age,1,eve,,,1,her
1,else,1,httpstcokx4uol0wgp,,,1,care
1,cowrote,1,therippedbodice,,,1,introductory
1,figured,1,pamany,,,1,kickstarternhttpswwwkickstartercomprojects588473275jewelleryforthejourneyrefaqh0yo
1,break,1,allisr,,,1,reminders
1,askingnnkickstarter,1,launched,,,1,designed
1,trending,1,inundated,,,1,connect
1,lmao,1,emails,,,1,httpswwwkickstartercomprojects588473275jewelleryforthejourneyref955c43
1,waiting,1,bookwormlit,,,1,fresh
1,fathomless,1,acdntlpoet,,,1,beginnings
1,httpstcoaz64x7kzma,1,katie,,,1,give
1,judge,1,myturtleneck,,,1,newbeginnings
1,opening,1,kalikambo,,,1,httpswwwkickstartercomprojects588473275jewelleryforthejourneyrefa5346m
1,religion,1,kali,,,1,reminding
1,episode,1,subagini,,,1,roots
1,cold,1,litographs,,,1,faith
1,heartthrob,1,fleurishing,,,1,reminder
1,insist,1,scoutbooks,,,1,httpswwwkickstartercomprojects588473275jewelleryforthejourneyrefsj0k68
1,httpstcoqz5ldjng66,1,fingers,,,1,yogainspired
1,replace,1,crossed,,,1,piece
1,chamillionaire,1,bethcakesblog,,,1,chronicle
1,verse,1,goodstuffnicole,,,1,chroniclebooks
1,migos,1,nicole,,,1,httpstcoxxtujaiaw7
1,convinced,1,sarahmrosenthal,,,1,23000
1,stopped,1,chroniclerights,,,1,httpstcok4xomoo2qd
1,recording,1,wake,,,1,nomercygames
1,2000s,1,refreshed,,,1,httpstcougbwfgzwkn
1,unreleased,1,ready,,,1,httpstcoat769m7row
1,era,1,sleep,,,1,wow
1,perrys,1,section,,,1,5xp
1,bangers,1,teamlimestrike,,,1,achievements
1,2005,1,saw,,,1,beta
1,ampi,1,featuring,,,1,accessdigital
1,promise,1,gamejolt,,,1,icon
1,nostalgia,1,cvolpe,,,1,pack
1,httpstcotjzdoyrdwp,1,gdc2017,,,1,nomercy
1,httpstcogkhocbtzlb,1,meet,,,1,httpstco3l6z3frglu
1,smash,1,cosmicallytiki,,,1,near
1,kerincunningham,1,elentori,,,1,pets
1,save,1,most,,,1,httpstcomodpzzvlri
1,date,1,cupcakes,,,1,67
1,disproportionately,1,talking,,,1,arena
1,proud,1,discord,,,1,battle
1,httpstco35buxf2til,1,chatnhope,,,1,mode
1,draw,1,ytandyplays,,,1,figh
1,draws,1,console,,,1,httpstco0egar8cyrc
1,cindy,1,playstation,,,1,mercy
1,superhero,1,xbox,,,1,put
1,leftofcenter,1,nintendoamerica,,,1,why
1,lovely,1,httpstcomvljcbuyve,,,1,griffinmcelroy
1,httpstconj63z9cbfh,1,xpsyco6x,,,1,relatable
1,httpstcos4rvilvtns,1,14xp,,,1,httpstcoholfv9guv8
1,richiebrave,1,achievements,,,1,psssst
1,attention,1,httpstcoekbpp5ngy7,,,1,hey
1,creativemind25,1,allows,,,1,noticed
1,dolls,1,payment,,,1,freak
1,vitiligo,1,form,,,1,httpstcojevkpqsly8
1,deser,1,though,,,,
1,innamnnthere,1,httpstcougbwfgzwkn,,,,
1,httpstcors6tjtextm,1,fazor3d,,,,
1,discuss,1,download,,,,
1,finer,1,lenalevuki,,,,
1,aspects,1,heres,,,,
1,drake,1,rays,,,,
1,verizon,1,doodle,,,,
1,httpstcojh5dbb7ah1,1,multivarious,,,,
1,patient,1,noticing,,,,
1,delays,1,d,,,,
1,hands,1,htt,,,,
1,glad,1,yesss,,,,
1,httpstcoszyykqxb8t,1,httpstco0cksto5ofx,,,,
1,httpstcomblvte1bny,1,adorable,,,,
1,solicitations,1,kindness,,,,
1,publishers,1,cold,,,,
1,led,1,cash,,,,
1,rabbit,1,wer,,,,
1,hole,1,httpstcoutwayl6bb5,,,,
1,httpstconeyzrwetvt,1,magialaddin101,,,,
1,introduce,1,guessed,,,,
1,fascinating,1,correctly,,,,
1,httpstcolbcofh4a6w,1,hundo,,,,
1,httpstcotnznylf04l,1,httpstcoc9qxb1on7d,,,,
1,echarretier,1,httpstcoci30ofatn3,,,,
1,loveislove,1,donibobes,,,,
1,httpstcoptjh1gsxbg,1,psst,,,,
1,misconception,1,said,,,,
1,httpstcoxsb66zncly,1,demo,,,,
1,mystery,1,ends,,,,
1,emerges,,,,,,
1,subway,,,,,,
1,pryorlevel,,,,,,
1,pit,,,,,,
1,stains,,,,,,
1,fangirljeanne,,,,,,
1,yesssssssss,,,,,,
1,barista,,,,,,
1,lt3,,,,,,
1,organic,,,,,,
1,yukon,,,,,,
1,guatemala,,,,,,
1,antigua,,,,,,
1,secretsofthesire,,,,,,
1,httpstcovbyydbhrgh,,,,,,
1,promo,,,,,,
1,code,,,,,,
1,httpstcobckyd1bvpv,,,,,,
1,shit,,,,,,
1,danyordinary,,,,,,
1,express,,,,,,
1,rusty,,,,,,
1,thankful,,,,,,
1,heatednnrealdisrespectful,,,,,,
1,weretheyeventhankfulatalltho,,,,,,
1,httpstco7ed6akqii8,,,,,,
1,indepth,,,,,,
1,continuityent,,,,,,
1,editorial,,,,,,
1,position,,,,,,
1,selected,,,,,,
1,writersartists,,,,,,
1,high,,,,,,
1,profile,,,,,,
1,gigs,,,,,,
1,college,,,,,,
1,profes,,,,,,
1,httpstcolggs00lxi8,,,,,,
1,snapchat,,,,,,
1,hardbody,,,,,,
1,least,,,,,,
1,ice,,,,,,
1,princess,,,,,,
1,multiple,,,,,,
1,platforms,,,,,,
1,httpstcop80fs3mkqk,,,,,,
1,kierongillen,,,,,,
1,divine,,,,,,
1,455,,,,,,
1,guest,,,,,,
1,erdna11,,,,,,
1,httpstco0ksde00kv0,,,,,,
1,wicdiv,,,,,,
1,michaeldolce,,,,,,
1,nooooo,,,,,,
1,broadcastnnhttpstco4zj1ys3nyl,,,,,,
1,boi,,,,,,
1,turn,,,,,,
1,distant,,,,,,
1,postapocalyptic,,,,,,
1,httpstco3bluws3oqu,,,,,,
1,schultz,,,,,,
1,httpstcodlcjyrkkx7,,,,,,
1,vincenzo,,,,,,
1,riccardi,,,,,,
1,campbellletters,,,,,,
1,httpstcojezc4mvonp,,,,,,
1,meguro,,,,,,
1,httpstco7blvnc9932,,,,,,
1,answering,,,,,,
1,jgardner1138,,,,,,
1,correct,,,,,,
1,villain,,,,,,
1,mari,,,,,,
1,httpstcob6grjnt2ys,,,,,,
1,happier,,,,,,
1,signing,,,,,,
1,smiles,,,,,,
1,excites,,,,,,
1,items,,,,,,
1,recognize,,,,,,
1,difficult,,,,,,
1,audience,,,,,,
1,goodnight,,,,,,
1,kickstarternnhttpstco5qhlemrvo0,,,,,,
1,httpstcozk6pd7zrut,,,,,,
1,tumblr,,,,,,
1,animals,,,,,,
1,having,,,,,,
1,trouble,,,,,,
1,livestreaming,,,,,,
1,five,,,,,,
1,shoot,,,,,,
1,message,,,,,,
1,saying,,,,,,
1,8pm,,,,,,
1,10pm,,,,,,
1,livestreams,,,,,,
1,httpstcohpnqvubd96,,,,,,
1,httpstcogrr1dolz1j,,,,,,
1,regular,,,,,,
1,okaynncatsofinstagram,,,,,,
1,lynxpointsiamese,,,,,,
1,httpstcojsnuojht3c,,,,,,
1,hellotinymegan,,,,,,
1,babyteeth,,,,,,
1,foc,,,,,,
1,encourage,,,,,,
1,creepy,,,,,,
1,genius,,,,,,
1,stop,,,,,,
1,play,,,,,,
1,thinly,,,,,,
1,sliced,,,,,,
1,steak,,,,,,
1,pokmon,,,,,,
1,card,,,,,,
1,holographic,,,,,,
1,ingeniousblue,,,,,,
1,httpstcov8vhjefoey,,,,,,
1,napkins,,,,,,
1,oldies,,,,,,
1,httpstcolcwqyiqb3b,,,,,,
1,doooooope,,,,,,
1,httpstcodvyyxh8nf3,,,,,,
1,rycady,,,,,,
1,wrapped,,,,,,
1,httpstco7hj3kfvwmk,,,,,,
1,mileage,,,,,,
1,vary,,,,,,
1,boat,,,,,,
1,jen,,,,,,
1,bartel,,,,,,
1,httpstcoxn8c3fhnmb,,,,,,
1,turned,,,,,,
1,alterici,,,,,,
1,thekatyrex,,,,,,
1,ughhhhhhhh,,,,,,
1,etiquette,,,,,,
1,instinct,,,,,,
1,scourge,,,,,,
1,ninepoint,,,,,,
1,knights,,,,,,
1,httpstcorafjype1at,,,,,,
1,nicos,,,,,,
1,fortune,,,,,,
1,daryl,,,,,,
1,toh,,,,,,
1,httpstcof4n7evts53,,,,,,
1,afternoon,,,,,,
1,renzos,,,,,,
1,commission,,,,,,
1,slot,,,,,,
1,httpstco67jjpcfd06,,,,,,
1,evemaeroman,,,,,,
1,httpstconqj5wpflvf,,,,,,
1,clonster,,,,,,
1,httpstcodzijx31wzq,,,,,,
1,yall,,,,,,
1,sociopath,,,,,,
1,lee,,,,,,
1,zeldin,,,,,,
1,2018,,,,,,
1,island,,,,,,
1,httpstco12u8jvtlee,,,,,,
1,emmakellernyc,,,,,,
1,leezeldin,,,,,,
1,httpstcolex7gdwhor,,,,,,
1,conversation,,,,,,
1,cthagod,,,,,,
1,brilliantidiots,,,,,,
1,jaquavis,,,,,,
1,crazyhead,,,,,,
1,feet,,,,,,
1,under,,,,,,
1,option,,,,,,
1,httpstcot03kwzr5f2,,,,,,
1,kinda,,,,,,
1,minute,,,,,,
1,committed,,,,,,
1,cooked,,,,,,
1,served,,,,,,
1,nnwhy,,,,,,
1,haircut,,,,,,
1,boss,,,,,,
1,goodnnnew,,,,,,
1,10nnnew,,,,,,
1,wtf,,,,,,
1,nostop,,,,,,
1,species,,,,,,
1,known,,,,,,
1,plasticheaded,,,,,,
1,bignose,,,,,,
1,httpstcoouwmmmn71w,,,,,,
1,hadnt,,,,,,
1,claimed,,,,,,
1,manifestation,,,,,,
1,deities,,,,,,
1,httpstcoqkjtistkhk,,,,,,
1,return,,,,,,
1,httpstcosxmafecop0,,,,,,
1,httpstcorcnfmihi3z,,,,,,
1,v,,,,,,
1,supportive,,,,,,
1,wedding,,,,,,
1,appreciated,,,,,,
1,httpstcon5b5l1tfqx,,,,,,
1,ongoing,,,,,,
1,build,,,,,,
1,robynmarian,,,,,,
1,relationship,,,,,,
1,alas,,,,,,
1,httpstcoczogdrn1pc,,,,,,
1,creatorowned,,,,,,
1,workforhire,,,,,,
1,httpstcoyd6fyricxg,,,,,,
1,cont,,,,,,
1,focus,,,,,,
1,action,,,,,,
1,romantic,,,,,,
1,subplot,,,,,,
1,tried,,,,,,
1,httpstcoa86vgn0f5r,,,,,,
1,asked,,,,,,
1,note,,,,,,
1,allowed,,,,,,
1,marian,,,,,,
1,httpstco71jritpjne,,,,,,
1,stichomancery,,,,,,
1,worst,,,,,,
1,ages,,,,,,
1,httpstcozbr8nee0ro,,,,,,
1,httpstcov0rhofgzq0,,,,,,
1,srhoades,,,,,,
1,az,,,,,,
1,opportunity,,,,,,
1,httpstcogvglltlakh,,,,,,
1,wouldve,,,,,,
1,genuinely,,,,,,
1,forward,,,,,,
1,fucks,,,,,,
1,miley,,,,,,
1,cyrus,,,,,,
1,annapaola,,,,,,
1,brought,,,,,,
1,twist,,,,,,
1,httpstcom5hrmoceaa,,,,,,
1,uploaded,,,,,,
1,coping,,,,,,
1,anxiety,,,,,,
1,clonstersnnhttpstcoa4y1ebu7nl,,,,,,
1,wormhole,,,,,,
1,huwer14,,,,,,
1,100,,,,,,
1,sampo,,,,,,
1,comicmarket,,,,,,
1,planetcomicon,,,,,,
1,indiecomics,,,,,,
1,nnhttpstc,,,,,,
1,doncates,,,,,,
1,concept,,,,,,
1,buffy,,,,,,
1,rea,,,,,,
1,httpstcomqjdgzjq0a,,,,,,
1,anticipated,,,,,,
1,httpstcoua2vpx6sbq,,,,,,
1,sarazarrbooks,,,,,,
1,kevinbacon,,,,,,
1,somehow,,,,,,
1,happening,,,,,,
1,unpopular,,,,,,
1,opinion,,,,,,
1,prob,,,,,,
1,bloodline,,,,,,
1,700,,,,,,
1,httpstcotpg8cezw7h,,,,,,
1,besides,,,,,,
1,cardinalis,,,,,,
1,gorgeousnnclonsters,,,,,,
1,httpstcor9fhemjifh,,,,,,
1,announcing,,,,,,
1,pieces,,,,,,
1,weekend,,,,,,
1,pledgers,,,,,,
1,grinding,,,,,,
1,halt,,,,,,
1,whoops,,,,,,
1,photo,,,,,,
1,httpstcoubeunq0c0e,,,,,,
1,tysmmmm,,,,,,
1,ending,,,,,,
1,22,,,,,,
1,saturn,,,,,,
1,jay,,,,,,
1,huwer,,,,,,
1,booknnhttpstcoem3mo91nxp,,,,,,
1,highlight,,,,,,
1,signal,,,,,,
1,3k,,,,,,
1,httpstcoktzcz1xonz,,,,,,
1,canceled,,,,,,
1,within,,,,,,
1,happensnnhttpstcobtsdvdqopr,,,,,,
1,httpstcozdmyvcxbwe,,,,,,
1,cutest,,,,,,
1,creature,,,,,,
1,globe,,,,,,
1,1pm,,,,,,
1,115,,,,,,
1,therennwill,,,,,,
1,requests,,,,,,
1,twerking,,,,,,
1,httpstcotzr5t3wuwe,,,,,,
1,cowritten,,,,,,
1,httpstcoskp5gk8jfm,,,,,,
1,httpstcokv8yos3tuk,,,,,,
1,american,,,,,,
1,mythology,,,,,,
1,productions,,,,,,
1,broadcastnnfor,,,,,,
1,air,,,,,,
1,knownn1,,,,,,
1,thatnn2,,,,,,
1,lovenn3,,,,,,
1,chargednn4,,,,,,
1,nn5,,,,,,
1,lotnn6,,,,,,
1,fundclonstersnnpledge,,,,,,
1,fantasty,,,,,,
1,todaynnhttpswwwkickstartercomprojects248241887clonstersanallagesadventurecomic,,,,,,
1,bitlyclonstersnnclonsters,,,,,,
1,friendly,,,,,,
1,boundlessly,,,,,,
1,nuggets,,,,,,
1,others,,,,,,
1,wild,,,,,,
1,secrecynnfollow,,,,,,
1,nugget,,,,,,
1,quest,,,,,,
1,nature,,,,,,
1,described,,,,,,
1,monstersnnsupport,,,,,,
1,bring,,,,,,
1,handcrafted,,,,,,
1,purchase,,,,,,
1,custom,,,,,,
1,alike,,,,,,
1,heartwarming,,,,,,
1,cowriter,,,,,,
1,continuity,,,,,,
1,entertainment,,,,,,
1,publisher,,,,,,
1,shandnnwe,,,,,,
1,charged,,,,,,
1,fantasy,,,,,,
1,monstersnnclonsters,,,,,,
1,pets,,,,,,
1,succeed,,,,,,
1,httpswwwkickstartercomclonstersanallagesadventu,,,,,,
1,indie,,,,,,
1,copy,,,,,,
1,embroideredpatch,,,,,,
1,httpstco4diotnlq3z,,,,,,
1,httpstcotuddbqmbpd,,,,,,
1,httpstcoieqsu8vfgx,,,,,,
1,2000,,,,,,
1,bitlydlkickstarternnwere,,,,,,
1,premiering,,,,,,
1,bnemel,,,,,,
1,alongside,,,,,,
1,fellow,,,,,,
1,melbourner,,,,,,
1,xani,,,,,,
1,wrapping,,,,,,
1,pascal,,,,,,
1,boeufs,,,,,,
1,riotous,,,,,,
1,wrecked,,,,,,
1,finish,,,,,,
1,line,,,,,,
1,bitlydlkickstartern,,,,,,
1,roberts,,,,,,
1,birze,,,,,,
1,womens,,,,,,
1,female,,,,,,
1,composers,,,,,,
1,takes,,,,,,
1,prize,,,,,,
1,winning,,,,,,
1,shadow,,,,,,
1,911,,,,,,
1,performed,,,,,,
1,april,,,,,,
1,29,,,,,,
1,formidably,,,,,,
1,worksnndont,,,,,,
1,bitlykickstarter,,,,,,
1,performing,,,,,,
1,winterstatennpledge,,,,,,
1,bitlydlkickstarter,,,,,,
1,counts,,,,,,
1,eighth,,,,,,
1,blackbird,,,,,,
1,theatre,,,,,,
1,hosted,,,,,,
1,musica,,,,,,
1,viva,,,,,,
1,bitlydlkickstarternnheres,,,,,,
1,mitchell,,,,,,
1,winterstate,,,,,,
1,mostloved,,,,,,
1,performances,,,,,,
1,uniquely,,,,,,
1,compelling,,,,,,
1,genretranscending,,,,,,
1,waynnbut,,,,,,
1,empowering,,,,,,
1,pick,,,,,,
1,rewards,,,,,,
1,pride,,,,,,
1,acts,,,,,,
1,httpbitlydlkickstarter,,,,,,
1,festivalnn,,,,,,
1,8th,,,,,,
1,nnashley,,,,,,
1,bathgate,,,,,,
1,presents,,,,,,
1,bach,,,,,,
1,unwoundna,,,,,,
1,riveting,,,,,,
1,postgenre,,,,,,
1,reinterpretation,,,,,,
1,js,,,,,,
1,bachs,,,,,,
1,suites,,,,,,
1,sleeping,,,,,,
1,giant,,,,,,
1,collective,,,,,,
1,bang,,,,,,
1,cellist,,,,,,
1,ashley,,,,,,
1,bathgatennairportndj,,,,,,
1,setnn,,,,,,
1,saturday,,,,,,
1,9th,,,,,,
1,nnbig,,,,,,
1,deadnperform,,,,,,
1,originalsnnkupkas,,,,,,
1,pianonperforming,,,,,,
1,hout,,,,,,
1,louis,,,,,,
1,andriessennnrosa,,,,,,
1,trionpremiering,,,,,,
1,brechtjenn,,,,,,
1,nnneither,,,,,,
1,centred,,,,,,
1,inaugural,,,,,,
1,premieres,,,,,,
1,tickets,,,,,,
1,per,,,,,,
1,httpswwwtrybookingcomqaug,,,,,,
1,nperforming,,,,,,
1,aus,,,,,,
1,exclusivenn,,,,,,
1,nrobert,,,,,,
1,davidson,,,,,,
1,above,,,,,,
1,groundnn,,,,,,
1,npascal,,,,,,
1,boeuf,,,,,,
1,wreckednxani,,,,,,
1,miniaturesnmaja,,,,,,
1,1nn,,,,,,
1,nnnnneither,,,,,,
1,combining,,,,,,
1,australiafirst,,,,,,
1,yorks,,,,,,
1,indiechamber,,,,,,
1,end,,,,,,
1,relaxed,,,,,,
1,beautifully,,,,,,
1,converted,,,,,,
1,warehouse,,,,,,
1,lightspace,,,,,,
1,comfy,,,,,,
1,chill,,,,,,
1,enjoy,,,,,,
1,bangin,,,,,,
1,tunes,,,,,,
1,httpswwwtrybookingcompkdy,,,,,,
1,council,,,,,,
1,advisory,,,,,,
1,perform,,,,,,
1,eileen,,,,,,
1,mack,,,,,,
1,clarinetist,,,,,,
1,lotte,,,,,,
1,bettsdean,,,,,,
1,soprano,,,,,,
1,yena,,,,,,
1,choi,,,,,,
1,violin,,,,,,
1,gemma,,,,,,
1,joe,,,,,,
1,fallon,,,,,,
1,ranieri,,,,,,
1,pankhurst,,,,,,
1,drums,,,,,,
1,vibes,,,,,,
1,flora,,,,,,
1,wong,,,,,,
1,andrews,,,,,,
1,kieran,,,,,,
1,welch,,,,,,
1,briony,,,,,,
1,luttrell,,,,,,
1,plus,,,,,,
1,anna,,,,,,
1,kho,,,,,,
1,jamee,,,,,,
1,seeto,,,,,,
1,georgina,,,,,,
1,lewis,,,,,,
1,stephanie,,,,,,
1,natasha,,,,,,
1,conrau,,,,,,
1,compassionnnseason,,,,,,
1,httpbitlydlkickstarternnnnonsemble,,,,,,
1,trionchris,,,,,,
1,winterstatenncara,,,,,,
1,trannerik,,,,,,
1,satie,,,,,,
1,gymnopedie,,,,,,
1,1njulia,,,,,,
1,compassionnphilip,,,,,,
1,openingnndotsloops,,,,,,
1,quartetnmaja,,,,,,
1,string,,,,,,
1,1ncaroline,,,,,,
1,entractennnneither,,,,,,
1,pledging,,,,,,
1,specially,,,,,,
1,curated,,,,,,
1,evening,,,,,,
1,likes,,,,,,
1,topnotch,,,,,,
1,performers,,,,,,
1,entry,,,,,,
1,includes,,,,,,
1,complimentary,,,,,,
1,choice,,,,,,
1,nibbles,,,,,,
1,provided,,,,,,
1,beginning,,,,,,
1,45,,,,,,
1,east,,,,,,
1,coast,,,,,,
1,west,,,,,,
1,outnhttpswwwyoutubecomwatchvdjac8bzklq0featureyoutubenpiotr,,,,,,
1,n3,,,,,,
1,14k,,,,,,
1,license,,,,,,
1,plate,,,,,,
1,lived,,,,,,
1,north,,,,,,
1,carolina,,,,,,
1,drmoutld,,,,,,
1,2001,,,,,,
1,loudnwe,,,,,,
1,sound,,,,,,
1,darkest,,,,,,
1,brighter,,,,,,
1,resonate,,,,,,
1,clip,,,,,,
1,connected,,,,,,
1,witness,,,,,,
1,stuck,,,,,,
1,boston,,,,,,
1,reschedule,,,,,,
1,brothr,,,,,,
1,kid,,,,,,
1,hello,,,,,,
1,nhere,,,,,,
1,interview,,,,,,
1,feeds,,,,,,
1,introduction,,,,,,
1,potential,,,,,,
1,storiesnndream,,,,,,
1,interviewsnnthursday,,,,,,
1,n6,,,,,,
1,sullyn8,,,,,,
1,ramireznnfriday,,,,,,
1,17n630,,,,,,
1,chambersn700,,,,,,
1,amadeinn6,,,,,,
1,shaen7,,,,,,
1,nardonennsunday,,,,,,
1,19nivan,,,,,,
1,mccormick,,,,,,
1,tbannmonday,,,,,,
1,n11pm,,,,,,
1,limnnplease,,,,,,
1,feedback,,,,,,
1,fb,,,,,,
1,interviews,,,,,,
1,kinds,,,,,,
1,continue,,,,,,
1,interviewsnntomrrow,,,,,,
1,nnon,,,,,,
1,storiesnfriday,,,,,,
1,17,,,,,,
1,630,,,,,,
1,wil,,,,,,
1,start,,,,,,
1,amadai,,,,,,
1,sharenmonday,,,,,,
1,warming,,,,,,
1,storynwe,,,,,,
1,sessions,,,,,,
1,updates,,,,,,
1,pattison,,,,,,
1,u2baby,,,,,,
1,info,,,,,,
1,announcements,,,,,,
1,7pm,,,,,,
1,london,,,,,,
1,nni,,,,,,
1,nso,,,,,,
1,italian,,,,,,
1,nfor,,,,,,
1,radio,,,,,,
1,adrian,,,,,,
1,newman,,,,,,
1,tribute,,,,,,
1,bands,,,,,,
1,mixlr,,,,,,
1,rolls,,,,,,
1,tallying,,,,,,
1,declared,,,,,,
1,nthat,,,,,,
1,earn,,,,,,
1,recognition,,,,,,
1,receive,,,,,,
1,lights,,,,,,
1,road,,,,,,
1,filming,,,,,,
1,goalnso,,,,,,
1,canada,,,,,,
1,ireland,,,,,,
1,germany,,,,,,
1,brasil,,,,,,
1,inquiries,,,,,,
1,budget,,,,,,
1,document,,,,,,
1,budgeting,,,,,,
1,40000,,,,,,
1,interested,,,,,,
1,forget,,,,,,
1,chat,,,,,,
1,m,,,,,,
1,havenmakaistudioscomdreamoutloudbreakdownpdf,,,,,,
1,u2er,,,,,,
1,gifts,,,,,,
1,outndreamoutloudfilm,,,,,,
1,existence,,,,,,
1,leans,,,,,,
1,carries,,,,,,
1,nive,,,,,,
1,comfort,,,,,,
1,grief,,,,,,
1,loss,,,,,,
1,illness,,,,,,
1,fly,,,,,,
1,closer,,,,,,
1,families,,,,,,
1,seemed,,,,,,
1,rest,,,,,,
1,slagging,,,,,,
1,network,,,,,,
1,solidarity,,,,,,
1,unrivaled,,,,,,
1,anywhere,,,,,,
1,industrynnnow,,,,,,
1,communityas,,,,,,
1,familydeserve,,,,,,
1,individual,,,,,,
1,tales,,,,,,
1,arennfilmmaker,,,,,,
1,chipped,,,,,,
1,rememberthere,,,,,,
1,usnngo,,,,,,
1,donatennu2,,,,,,
1,fansnnatu2com,,,,,,
1,learned,,,,,,
1,nfilmmaker,,,,,,
1,wants,,,,,,
1,upcoming,,,,,,
1,lightsnu2s,,,,,,
1,lift,,,,,,
1,carry,,,,,,
1,sistersbrothers,,,,,,
1,nhelp,,,,,,
1,ofnread,,,,,,
1,httpsvimeocom201202944nu2,,,,,,
1,informationndreamoutloudfilm,,,,,,
1,clipnhttpsvimeocom201202944ndreamoutloudfilm,,,,,,
1,morendreamoutloudfilm,,,,,,
1,past,,,,,,
1,encouraging,,,,,,
1,ni,,,,,,
1,couple,,,,,,
1,hearing,,,,,,
1,met,,,,,,
1,used,,,,,,
1,studios,,,,,,
1,1980s,,,,,,
1,reached,,,,,,
1,shared,,,,,,
1,particularly,,,,,,
1,showed,,,,,,
1,interest,,,,,,
1,big,,,,,,
1,brother,,,,,,
1,connection,,,,,,
1,clicking,,,,,,
1,signaturennanother,,,,,,
1,nj,,,,,,
1,cd,,,,,,
1,punk,,,,,,
1,specific,,,,,,
1,spot,,,,,,
1,nobody,,,,,,
1,lead,,,,,,
1,ruff,,,,,,
1,version,,,,,,
1,unfold,,,,,,
1,themndreamoutloudfilm,,,,,,
1,u2s,,,,,,
1,informationnndreamoutloudfilm,,,,,,
1,thrilled,,,,,,
1,partnered,,,,,,
1,lion,,,,,,
1,rampant,,,,,,
1,imports,,,,,,
1,younthe,,,,,,
1,5th,,,,,,
1,player,,,,,,
1,expansion,,,,,,
1,unlockednhttpswwwkickstartercomprojects1939724193gyratinghamsters,,,,,,
1,furry,,,,,,
1,fuss,,,,,,
1,aboutnnlive,,,,,,
1,httpswwwkickstartercomprojects1939724193gyratinghamsters,,,,,,
1,kickstarternhttpswwwkickstartercomprojects1939724193gyratinghamsters,,,,,,
1,red,,,,,,
1,clan,,,,,,
1,heartless,,,,,,
1,hangry,,,,,,
1,httpstcovwaopq20vn,,,,,,
1,httpstcop3rcbqx7da,,,,,,
1,kicktraq,,,,,,
1,boardgamestoday,,,,,,
1,cardgamesnews,,,,,,
1,lebatardshow,,,,,,
1,httpsriplcomfgpnpl,,,,,,
1,httpsriplcomldxj8i,,,,,,
1,houdiniopolynyou,,,,,,
1,escape,,,,,,
1,funnhoudiniopoly,,,,,,
1,kickstarternhttpkckst2ixhchp,,,,,,
1,httpsriplcomeqr1e4,,,,,,
1,httpsriplcomem8uk9,,,,,,
1,httpsriplcomf4qnwt,,,,,,
1,httpsriplcom60bequ,,,,,,
1,httpsriplcom6k0rzg,,,,,,
1,httpsriplcom6m74b5,,,,,,
1,httpsriplcomsut9cz,,,,,,
1,non,,,,,,
1,kickstarternnhttpswwwkickstartercomprojects1726279887houdiniopolyfunexcitinglegendandmagicherobrefkicktraqi,,,,,,
1,nhttpswwwkickstartercomprojects1726279887houdiniopolyfunexcitinglegendandmagicherobrefkicktraq,,,,,,
1,houdini,,,,,,
1,item,,,,,,
1,28,,,,,,
1,leftnthe,,,,,,
1,excel,,,,,,
1,small,,,,,,
1,therefore,,,,,,
1,removed,,,,,,
1,unnecessary,,,,,,
1,clean,,,,,,
1,26,,,,,,
1,leftnto,,,,,,
1,fulfil,,,,,,
1,minimalist,,,,,,
1,buckle,,,,,,
1,deciding,,,,,,
1,unlike,,,,,,
1,flat,,,,,,
1,round,,,,,,
1,soft,,,,,,
1,curves,,,,,,
1,match,,,,,,
1,21nsvend,,,,,,
1,20nthe,,,,,,
1,integrated,,,,,,
1,release,,,,,,
1,spring,,,,,,
1,allows,,,,,,
1,easily,,,,,,
1,using,,,,,,
1,tools,,,,,,
1,fingers,,,,,,
1,19nall,,,,,,
1,minimalistic,,,,,,
1,fashion,,,,,,
1,18nof,,,,,,
1,movement,,,,,,
1,ronda,,,,,,
1,763,,,,,,
1,beating,,,,,,
1,17nthe,,,,,,
1,arms,,,,,,
1,underestimated,,,,,,
1,simplistic,,,,,,
1,rounded,,,,,,
1,edges,,,,,,
1,tail,,,,,,
1,15nbeautiful,,,,,,
1,nina,,,,,,
1,hansen,,,,,,
1,stylishly,,,,,,
1,wearing,,,,,,
1,sandcolored,,,,,,
1,nnsee,,,,,,
1,httpkckst2qm1pwl,,,,,,
1,13nif,,,,,,
1,classic,,,,,,
1,12nthe,,,,,,
1,customdesigned,,,,,,
1,measures,,,,,,
1,39,,,,,,
1,worries,,,,,,
1,11nmeet,,,,,,
1,936,,,,,,
1,958,,,,,,
1,10nall,,,,,,
1,numbers,,,,,,
1,lines,,,,,,
1,dots,,,,,,
1,indexed,,,,,,
1,glued,,,,,,
1,purpose,,,,,,
1,luxurious,,,,,,
1,9nto,,,,,,
1,requires,,,,,,
1,materials,,,,,,
1,craftsmanship,,,,,,
1,tanned,,,,,,
1,patina,,,,,,
1,wear,,,,,,
1,single,,,,,,
1,worlds,,,,,,
1,craftsmen,,,,,,
1,8nnmeet,,,,,,
1,third,,,,,,
1,987,,,,,,
1,1014,,,,,,
1,peak,,,,,,
1,ruled,,,,,,
1,norway,,,,,,
1,englandnnhttpkckst2qm1pwl,,,,,,
1,7ncrystal,,,,,,
1,sapphire,,,,,,
1,hardest,,,,,,
1,material,,,,,,
1,mother,,,,,,
1,possibly,,,,,,
1,harder,,,,,,
1,rock,,,,,,
1,lying,,,,,,
1,6nswop,,,,,,
1,classy,,,,,,
1,harald,,,,,,
1,bltand,,,,,,
1,twisted,,,,,,
1,5nwe,,,,,,
1,volume,,,,,,
1,tests,,,,,,
1,thickness,,,,,,
1,neven,,,,,,
1,womans,,,,,,
1,luckily,,,,,,
1,nall,,,,,,
1,handmade,,,,,,
1,genuine,,,,,,
1,colours,,,,,,
1,sand,,,,,,
1,2nna,,,,,,
1,suit,,,,,,
1,accompanied,,,,,,
1,kickstartercom,,,,,,
1,nnwatch,,,,,,
1,site,,,,,,
1,googlrt4zkq,,,,,,
1,jellybean,,,,,,
1,shirts,,,,,,
1,nownnhttpswwwkickstartercomprojectspeterchaywardjellybeanshirtscolorfulclothingforboardgamertoken759d03ce,,,,,,
1,customise,,,,,,
1,bracelet,,,,,,
1,stackable,,,,,,
1,bracelets,,,,,,
1,semiprecious,,,,,,
1,beads,,,,,,
1,daily,,,,,,
1,reminder,,,,,,
1,thoughtful,,,,,,
1,gift,,,,,,
1,view,,,,,,
1,httpswwwkickstartercomprojects588473275jewelleryforthejourneyref4tsn5a,,,,,,
1,njewelleryforthejourney,,,,,,
1,strong,,,,,,
1,evil,,,,,,
1,eye,,,,,,
1,ancient,,,,,,
1,symbol,,,,,,
1,intuition,,,,,,
1,httpswwwkickstartercomprojects588473275jewelleryforthejourneyref8hpvdj,,,,,,
1,36hour,,,,,,
1,launching,,,,,,
1,journey,,,,,,
1,midnight,,,,,,
1,shes,,,,,,
1,shackles,,,,,,
1,martinlieberman,,,,,,
1,millennial,,,,,,
1,obsession,,,,,,
1,marketers,,,,,,
1,buzzing,,,,,,
1,z,,,,,,
1,lucky,,,,,,
1,httpstco5md,,,,,,
1,handmaidsonhulu,,,,,,
1,theleftovershbo,,,,,,
1,adjust,,,,,,
1,pariss,,,,,,
1,paris,,,,,,
1,pay,,,,,,
1,chronological,,,,,,
1,feed,,,,,,
1,officially,,,,,,
1,sugarjones,,,,,,
1,mstiefvater,,,,,,
1,ursuriarte,,,,,,
1,laptop,,,,,,
1,camera,,,,,,
1,basement,,,,,,
1,httpstcomrecyye50g,,,,,,
1,celebrates,,,,,,
1,pedestrian,,,,,,
1,pleasures,,,,,,
1,unsung,,,,,,
1,overlo,,,,,,
1,httpstco6sbq4qvowc,,,,,,
1,neil,,,,,,
1,postman,,,,,,
1,georgeshiber,,,,,,
1,400,,,,,,
1,shakespeare,,,,,,
1,httpstcovcwkl2lpqa,,,,,,
1,soundtrack,,,,,,
1,standardsmanual,,,,,,
1,httpstcoeqzb0ruwhs,,,,,,
1,saraoleary,,,,,,
1,kerryreads,,,,,,
1,walrusmagazine,,,,,,
1,julie,,,,,,
1,morstads,,,,,,
1,jopiazza,,,,,,
1,forbes,,,,,,
1,httpstconfixtqp7yc,,,,,,
1,bookstagram,,,,,,
1,communities,,,,,,
1,highlighting,,,,,,
1,o,,,,,,
1,httpstcodgom0g9zju,,,,,,
1,truth,,,,,,
1,httpstcoxsocbefpsp,,,,,,
1,barthelmes,,,,,,
1,syllabus,,,,,,
1,highlights,,,,,,
1,81,,,,,,
1,essential,,,,,,
1,literary,,,,,,
1,education,,,,,,
1,httpstco8haisvocad,,,,,,
1,httpstcomt,,,,,,
1,curious,,,,,,
1,httpstc,,,,,,
1,monicadrake,,,,,,
1,somewhere,,,,,,
1,httpstcohrptyicy9m,,,,,,
1,httpstcoul46mvzhfn,,,,,,
1,crispr,,,,,,
1,kills,,,,,,
1,hiv,,,,,,
1,eats,,,,,,
1,zika,,,,,,
1,pacman,,,,,,
1,cancer,,,,,,
1,httpstcoo3tbzikrj7,,,,,,
1,twelve,,,,,,
1,samuel,,,,,,
1,hawley,,,,,,
1,httpstcotdewiqiqka,,,,,,
1,bob,,,,,,
1,mueller,,,,,,
1,jim,,,,,,
1,httpstcouu9vtvhoek,,,,,,
1,politicomag,,,,,,
1,httpstco9dgwyw6haa,,,,,,
1,broken,,,,,,
1,evan,,,,,,
1,williams,,,,,,
1,founder,,,,,,
1,httpstconn7yh,,,,,,
1,joy,,,,,,
1,engage,,,,,,
1,less,,,,,,
1,flee,,,,,,
1,httpstcon6ps7behne,,,,,,
1,dear,,,,,,
1,hate,,,,,,
1,stupid,,,,,,
1,sincerely,,,,,,
1,user,,,,,,
1,httpstcoq0rgghzxnx,,,,,,
1,hemingway,,,,,,
1,mothers,,,,,,
1,mcsweeneys,,,,,,
1,tendency,,,,,,
1,httpstcoq64nrgg2yq,,,,,,
1,senbobcasey,,,,,,
1,rise,,,,,,
1,level,,,,,,
1,impassioned,,,,,,
1,librarian,,,,,,
1,httpstcofitwkcqkxa,,,,,,
1,important,,,,,,
1,httpstcogniaikdwao,,,,,,
1,propublica,,,,,,
1,shot,,,,,,
1,washingtonpost,,,,,,
1,reporters,,,,,,
1,httpstcoq3wmqom3iv,,,,,,
1,thehistoryguy,,,,,,
1,boom,,,,,,
1,henry,,,,,,
1,iv,,,,,,
1,england,,,,,,
1,deposed,,,,,,
1,ii,,,,,,
1,tower,,,,,,
1,starved,,,,,,
1,death,,,,,,
1,httpstco0hzvpcjpdp,,,,,,
1,httpstcop9vn3buvz1,,,,,,
1,thebookcastle,,,,,,
1,lithub,,,,,,
1,soothed,,,,,,
1,phrase,,,,,,
1,amelia,,,,,,
1,grays,,,,,,
1,davelevitan,,,,,,
1,flew,,,,,,
1,window,,,,,,
1,looked,,,,,,
1,stunned,,,,,,
1,advice,,,,,,
1,httpstco6vrmi436df,,,,,,
1,loveofbrooklyn,,,,,,
1,prizewinner,,,,,,
1,tizon,,,,,,
1,passed,,,,,,
1,privilege,,,,,,
1,ambition,,,,,,
1,ht,,,,,,
1,docundoc,,,,,,
1,immigrant,,,,,,
1,identity,,,,,,
1,america,,,,,,
1,httpstco4fefy4ru0g,,,,,,
1,citylightsbooks,,,,,,
1,vintageanchor,,,,,,
1,franz,,,,,,
1,kafkas,,,,,,
1,castle,,,,,,
1,czech,,,,,,
1,musicians,,,,,,
1,httpstcoz1ucbl7jqn,,,,,,
1,schillers,,,,,,
1,closing,,,,,,
1,14,,,,,,
1,httpstco6z7pon0ghf,,,,,,
1,eaterny,,,,,,
1,supplier,,,,,,
1,grade,,,,,,
1,canvas,,,,,,
1,adaman,,,,,,
1,httpstcorkp6qeodo2,,,,,,
1,classics,,,,,,
1,pope,,,,,,
1,shimizu,,,,,,
1,sienkiewicz,,,,,,
1,httpstco95gqlpuqra,,,,,,
1,nycs,,,,,,
1,freelance,,,,,,
1,act,,,,,,
1,effect,,,,,,
1,httpstcocuryef9541,,,,,,
1,httpstco3nahsjk2n2,,,,,,
1,cutpics,,,,,,
1,unbelievable,,,,,,
1,walking,,,,,,
1,httpstcobtyznmqg8b,,,,,,
1,tnyarchive,,,,,,
1,httpstco56gcq0lmb8,,,,,,
1,notetosarah,,,,,,
1,nbcsnl,,,,,,
1,louisemensch,,,,,,
1,latest,,,,,,
1,androids,,,,,,
1,electric,,,,,,
1,sheep,,,,,,
1,thenewphil,,,,,,
1,animal,,,,,,
1,lovers,,,,,,
1,httpstcobfkgb77trb,,,,,,
1,karunaresidency,,,,,,
1,jimsciutto,,,,,,
1,humbling,,,,,,
1,beauwillimon,,,,,,
1,succinctly,,,,,,
1,photos,,,,,,
1,citys,,,,,,
1,vanishing,,,,,,
1,momandpop,,,,,,
1,httpstcohhwcujel6s,,,,,,
1,httpstcoevsgdihrbt,,,,,,
1,f,,,,,,
1,english,,,,,,
1,1528,,,,,,
1,httpstcolyqgjjrai9,,,,,,
1,httpstcog4yzs4rsyo,,,,,,
1,watsondanielllc,,,,,,
1,theyve,,,,,,
1,buying,,,,,,
1,spree,,,,,,
1,lately,,,,,,
1,capitalize,,,,,,
1,toast,,,,,,
1,number,,,,,,
1,inquiriessearches,,,,,,
1,blew,,,,,,
1,mind,,,,,,
1,50,,,,,,
1,ecommerce,,,,,,
1,searches,,,,,,
1,originate,,,,,,
1,theskimm,,,,,,
1,congrats,,,,,,
1,isles,,,,,,
1,instigated,,,,,,
1,embarrassing,,,,,,
1,dance,,,,,,
1,parisouailleurs,,,,,,
1,near,,,,,,
1,commute,,,,,,
1,nnhttpstcoxi74fosafqnhttpstcoqx5eabe06c,,,,,,
1,httpstconnyun5yz5s,,,,,,
1,forever,,,,,,
1,frederick,,,,,,
1,doulgass,,,,,,
1,letterpress,,,,,,
1,httpstcoyvujd7mzql,,,,,,
1,kierkegaard,,,,,,
1,nearly,,,,,,
1,200,,,,,,
1,truer,,,,,,
1,source,,,,,,
1,unhappiness,,,,,,
1,httpstco8bhfjww,,,,,,
1,mymodernmet,,,,,,
1,designer,,,,,,
1,perfectly,,,,,,
1,matches,,,,,,
1,pantone,,,,,,
1,swatches,,,,,,
1,reallife,,,,,,
1,landscapes,,,,,,
1,httpstco5ctinemwb3,,,,,,
1,httpstcolllz38,,,,,,
1,themarysue,,,,,,
1,kailahalestern,,,,,,
1,gretchenrubin,,,,,,
1,keys,,,,,,
1,heyitsfranklin2,,,,,,
1,bummed,,,,,,
1,planned,,,,,,
1,uptown,,,,,,
1,rantingowl,,,,,,
1,httpstco48dbmrd9lf,,,,,,
1,choker,,,,,,
1,ducks,,,,,,
1,underway,,,,,,
1,httpstcodk,,,,,,
1,revival,,,,,,
1,feelingold,,,,,,
1,essays,,,,,,
1,httpstcovpuyxmayln,,,,,,
1,httpstcogrfec4nsuv,,,,,,
1,infinite,,,,,,
1,jest,,,,,,
1,shelf,,,,,,
1,httpstcoeysxt7smcs,,,,,,
1,latimesbooks,,,,,,
1,useful,,,,,,
1,plodding,,,,,,
1,obvious,,,,,,
1,plugs,,,,,,
1,takedowns,,,,,,
1,drag,,,,,,
1,hillaryclinton,,,,,,
1,bookexpoamerica,,,,,,
1,artpulp,,,,,,
1,handt,,,,,,
1,sorry,,,,,,
1,consumer,,,,,,
1,sentiment,,,,,,
1,yelp,,,,,,
1,reviews,,,,,,
1,mix,,,,,,
1,shills,,,,,,
1,httpstco9hqzqjzkop,,,,,,
1,sessionss,,,,,,
1,role,,,,,,
1,comeys,,,,,,
1,firing,,,,,,
1,httpstcorehzvukqzf,,,,,,
1,tnycloseread,,,,,,
1,especially,,,,,,
1,tees,,,,,,
1,received,,,,,,
1,spammer,,,,,,
1,httpstcoqvuyobery6,,,,,,
1,creativethurs,,,,,,
1,crazy,,,,,,
1,amount,,,,,,
1,weightless,,,,,,
1,relaxing,,,,,,
1,according,,,,,,
1,researchers,,,,,,
1,httpstcolzlqxmou,,,,,,
1,creative,,,,,,
1,httpstcog5xaazykml,,,,,,
1,childhood,,,,,,
1,anitaleirfall,,,,,,
1,17thcentury,,,,,,
1,httpstcolonc8a8b1m,,,,,,
1,laments,,,,,,
1,waning,,,,,,
1,ability,,,,,,
1,debate,,,,,,
1,defend,,,,,,
1,resorting,,,,,,
1,fallacious,,,,,,
1,argument,,,,,,
1,httpstcokbzfktu9je,,,,,,
1,believed,,,,,,
1,truly,,,,,,
1,loving,,,,,,
1,40s,,,,,,
1,signed,,,,,,
1,pretavoyager,,,,,,
1,lostncheeseland,,,,,,
1,laurenzcollins,,,,,,
1,amerlibparis,,,,,,
1,bookriot,,,,,,
1,dirty,,,,,,
1,336,,,,,,
1,avantgarde,,,,,,
1,magazine,,,,,,
1,storm,,,,,,
1,19101932,,,,,,
1,kandinsky,,,,,,
1,klee,,,,,,
1,etc,,,,,,
1,httpstcoah83of4glv,,,,,,
1,jpietruska,,,,,,
1,sarahkendzior,,,,,,
1,agree,,,,,,
1,biggreenbooks,,,,,,
1,doorsixteen,,,,,,
1,unpack,,,,,,
1,leahmcelrath,,,,,,
1,47,,,,,,
1,animated,,,,,,
1,videos,,,,,,
1,aristotle,,,,,,
1,sartre,,,,,,
1,created,,,,,,
1,bbc,,,,,,
1,httpstcomtofcbf6t0,,,,,,
1,htt,,,,,,
1,scoutbooks,,,,,,
1,samples,,,,,,
1,hunter,,,,,,
1,thompson,,,,,,
1,birth,,,,,,
1,gonzo,,,,,,
1,journalism,,,,,,
1,revisits,,,,,,
1,hsts,,,,,,
1,1970,,,,,,
1,kentucky,,,,,,
1,derby,,,,,,
1,memoryletters,,,,,,
1,ellesee,,,,,,
1,movie,,,,,,
1,hopefully,,,,,,
1,remake,,,,,,
1,10reps,,,,,,
1,weight,,,,,,
1,exercise,,,,,,
1,blood,,,,,,
1,flowing,,,,,,
1,energy,,,,,,
1,levels,,,,,,
1,exercises,,,,,,
1,donn,,,,,,
1,pushupsn,,,,,,
1,plankn,,,,,,
1,squatsn,,,,,,
1,jumping,,,,,,
1,jacks,,,,,,
1,nnand,,,,,,
1,feeling,,,,,,
1,crab,,,,,,
1,walks,,,,,,
1,burpees,,,,,,
1,comment,,,,,,
1,section,,,,,,
1,benefits,,,,,,
1,drinking,,,,,,
1,bednn,,,,,,
1,water,,,,,,
1,flush,,,,,,
1,toxins,,,,,,
1,milk,,,,,,
1,amino,,,,,,
1,acid,,,,,,
1,tryptophan,,,,,,
1,helping,,,,,,
1,produce,,,,,,
1,hormones,,,,,,
1,herbal,,,,,,
1,tea,,,,,,
1,chamomile,,,,,,
1,peppermint,,,,,,
1,soothes,,,,,,
1,nerves,,,,,,
1,causes,,,,,,
1,relaxednnwhatever,,,,,,
1,bed,,,,,,
1,mondayblues,,,,,,
1,sky,,,,,,
1,blue,,,,,,
1,leave,,,,,,
1,httpstcouthxkwgbq1,,,,,,
1,monstercontest,,,,,,
1,voting,,,,,,
1,finalists,,,,,,
1,httpstco92aysllro1,,,,,,
1,happened,,,,,,
1,prepare,,,,,,
1,onslaught,,,,,,
1,tweets,,,,,,
1,httpstco72zbz8oqhr,,,,,,
1,helplessly,,,,,,
1,httpstcogxwhv2xiwv,,,,,,
1,ytandyplays,,,,,,
1,asap,,,,,,
1,sames,,,,,,
1,aww,,,,,,
1,wraithgames,,,,,,
1,luck,,,,,,
1,vita,,,,,,
1,fact,,,,,,
1,office,,,,,,
1,codywuzheres,,,,,,
1,breakingnews,,,,,,
1,psvita,,,,,,
1,ahead,,,,,,
1,poll,,,,,,
1,xbox,,,,,,
1,videogames,,,,,,
1,httpstcogiyaibjhup,,,,,,
1,lionelh07,,,,,,
1,nintendoamerica,,,,,,
1,gif,,,,,,
1,lord,,,,,,
1,lol,,,,,,
1,description,,,,,,
1,thegdex,,,,,,
1,exhibitor,,,,,,
1,applications,,,,,,
1,livenhttpstco00pkgzpavq,,,,,,
1,httpstcobbesnme4ne,,,,,,
1,research,,,,,,
1,httpstcoy2zgcwhxxo,,,,,,
1,cvolpe,,,,,,
1,commented,,,,,,
1,recent,,,,,,
1,article,,,,,,
1,ohio,,,,,,
1,httpstcoees94ww20b,,,,,,
1,wanna,,,,,,
1,misheardspacejamlyrics,,,,,,
1,httpstcozcwufttjpj,,,,,,
1,valentine,,,,,,
1,httpstcoiifpdpxkjq,,,,,,
1,games,,,,,,
1,opened,,,,,,
1,sandbox,,,,,,
1,coworkingincubator,,,,,,
1,developers,,,,,,
1,httpstco2x5mht,,,,,,
1,techohiogov,,,,,,
1,incubator,,,,,,
1,opens,,,,,,
1,foundry,,,,,,
1,httpstcooluegbvxzg,,,,,,
1,columbusbiz1st,,,,,,
1,outfit,,,,,,
1,nomercy,,,,,,
1,httpstco1ia99sa07k,,,,,,
1,brawler,,,,,,
1,throwback,,,,,,
1,httpstcougbwfgzwkn,,,,,,
1,autisticjuggalo,,,,,,
1,currently,,,,,,
1,controllers,,,,,,
1,multiplayer,,,,,,
1,keyboard,,,,,,
1,controller,,,,,,
1,itch,,,,,,
1,chrome,,,,,,
1,browser,,,,,,
1,httpstcoht4gts5opl,,,,,,
1,httpstcoj7kifna0ba,,,,,,
1,eve,,,,,,
1,demo,,,,,,
1,httpstcovenlkvacxk,,,,,,
1,httpstcotwnz9egjzw,,,,,,
1,showcasing,,,,,,
1,expcols,,,,,,
1,madeincbus,,,,,,
1,httpstcoz132gmrlmz,,,,,,
1,drew,,,,,,
1,httpstcojmyndavgwj,,,,,,
1,argembarger,,,,,,
1,spending,,,,,,
1,ambitious,,,,,,
1,al,,,,,,
1,giggles1303prm,,,,,,
1,wasnt,,,,,,
1,48,,,,,,
1,beginnow,,,,,,
1,arena,,,,,,
1,battle,,,,,,
1,mode,,,,,,
1,horizon,,,,,,
1,excitement,,,,,,
1,grows,,,,,,
1,exhausted,,,,,,
1,httpstcokow2x0oxfd,,,,,,
1,httpstcolmnsfx4yqw,,,,,,
1,strategy,,,,,,
1,pimps,,,,,,
1,httpstconnurm,,,,,,
1,httpstcobzjqwqg5cx,,,,,,
1,broke,,,,,,
1,300000,,,,,,
1,mercy,,,,,,
1,httpstcoz6tl5qcofn,,,,,,
1,jus,,,,,,
1,httpstcoxwtq6tbakb,,,,,,
1,magialaddin101,,,,,,
1,httpstcoojhdggibvj,,,,,,
1,itocrystal,,,,,,
1,httpstco63nc3skpis,,,,,,
1,ofdokei,,,,,,
1,screaming,,,,,,
1,httpstcomvjqe6yfxo,,,,,,
